time_ref,account,code,country_code,product_type,value,status,date
201412,Imports,00,AE,Goods,1.41788041E8,F,2014-12-01T00:00:00.000+01:00
201412,Imports,00,AF,Goods,10819.0,F,2014-12-01T00:00:00.000+01:00
201412,Imports,00,AG,Goods,22977.0,F,2014-12-01T00:00:00.000+01:00
201412,Imports,00,AI,Goods,18591.0,F,2014-12-01T00:00:00.000+01:00
201412,Imports,00,AL,Goods,40678.0,F,2014-12-01T00:00:00.000+01:00
201412,Imports,00,AM,Goods,16951.0,F,2014-12-01T00:00:00.000+01:00
201412,Imports,00,AO,Goods,1068.0,F,2014-12-01T00:00:00.000+01:00
201412,Imports,00,AR,Goods,4.9904355E7,F,2014-12-01T00:00:00.000+01:00
201412,Imports,00,AS,Goods,419336.0,F,2014-12-01T00:00:00.000+01:00
201412,Imports,00,AT,Goods,5.4278047E7,F,2014-12-01T00:00:00.000+01:00
201412,Imports,00,AU,Goods,1.658102117E9,F,2014-12-01T00:00:00.000+01:00
201412,Imports,00,AZ,Goods,15532.0,F,2014-12-01T00:00:00.000+01:00
201412,Imports,00,BA,Goods,145206.0,F,2014-12-01T00:00:00.000+01:00
201412,Imports,00,BB,Goods,104815.0,F,2014-12-01T00:00:00.000+01:00
201412,Imports,00,BD,Goods,1.5863868E7,F,2014-12-01T00:00:00.000+01:00
201412,Imports,00,BE,Goods,7.3156267E7,F,2014-12-01T00:00:00.000+01:00
201412,Imports,00,BG,Goods,4674039.0,F,2014-12-01T00:00:00.000+01:00
201412,Imports,00,BH,Goods,1197570.0,F,2014-12-01T00:00:00.000+01:00
201412,Imports,00,BM,Goods,1022109.0,F,2014-12-01T00:00:00.000+01:00
201412,Imports,00,BN,Goods,4.6959037E7,F,2014-12-01T00:00:00.000+01:00
201412,Imports,00,BO,Goods,1164807.0,F,2014-12-01T00:00:00.000+01:00
201412,Imports,00,BR,Goods,3.8673213E7,F,2014-12-01T00:00:00.000+01:00
201412,Imports,00,BS,Goods,865.0,F,2014-12-01T00:00:00.000+01:00
201412,Imports,00,BT,Goods,3738.0,F,2014-12-01T00:00:00.000+01:00
201412,Imports,00,BW,Goods,294.0,F,2014-12-01T00:00:00.000+01:00
201412,Imports,00,BY,Goods,1.0514838E7,F,2014-12-01T00:00:00.000+01:00
201412,Imports,00,BZ,Goods,1527.0,F,2014-12-01T00:00:00.000+01:00
201412,Imports,00,CA,Goods,1.32142709E8,F,2014-12-01T00:00:00.000+01:00
201412,Imports,00,CC,Goods,4146.0,F,2014-12-01T00:00:00.000+01:00
201412,Imports,00,CD,Goods,216068.0,F,2014-12-01T00:00:00.000+01:00
201412,Imports,00,CF,Goods,3103.0,F,2014-12-01T00:00:00.000+01:00
201412,Imports,00,CG,Goods,1786.0,F,2014-12-01T00:00:00.000+01:00
201412,Imports,00,CH,Goods,8.0064287E7,F,2014-12-01T00:00:00.000+01:00
201412,Imports,00,CI,Goods,512748.0,F,2014-12-01T00:00:00.000+01:00
201412,Imports,00,CK,Goods,113978.0,F,2014-12-01T00:00:00.000+01:00
201412,Imports,00,CL,Goods,2.8647518E7,F,2014-12-01T00:00:00.000+01:00
201412,Imports,00,CM,Goods,494512.0,F,2014-12-01T00:00:00.000+01:00
201412,Imports,00,CN,Goods,2.476754615E9,F,2014-12-01T00:00:00.000+01:00
201412,Imports,00,CO,Goods,6436888.0,F,2014-12-01T00:00:00.000+01:00
201412,Imports,00,CR,Goods,2145182.0,F,2014-12-01T00:00:00.000+01:00
201412,Imports,00,CU,Goods,326964.0,F,2014-12-01T00:00:00.000+01:00
201412,Imports,00,CV,Goods,69642.0,F,2014-12-01T00:00:00.000+01:00
201412,Imports,00,CX,Goods,1624748.0,F,2014-12-01T00:00:00.000+01:00
201412,Imports,00,CY,Goods,432651.0,F,2014-12-01T00:00:00.000+01:00
201412,Imports,00,CZ,Goods,2.3955957E7,F,2014-12-01T00:00:00.000+01:00
201412,Imports,00,DE,Goods,6.1038157E8,F,2014-12-01T00:00:00.000+01:00
201412,Imports,00,DJ,Goods,927.0,F,2014-12-01T00:00:00.000+01:00
201412,Imports,00,DK,Goods,5.6370926E7,F,2014-12-01T00:00:00.000+01:00
201412,Imports,00,DM,Goods,6108.0,F,2014-12-01T00:00:00.000+01:00
201412,Imports,00,DO,Goods,1953363.0,F,2014-12-01T00:00:00.000+01:00
201412,Imports,00,DZ,Goods,10383.0,F,2014-12-01T00:00:00.000+01:00
201412,Imports,00,EC,Goods,1.0920988E7,F,2014-12-01T00:00:00.000+01:00
201412,Imports,00,EE,Goods,792965.0,F,2014-12-01T00:00:00.000+01:00
201412,Imports,00,EG,Goods,1092054.0,F,2014-12-01T00:00:00.000+01:00
201412,Imports,00,EH,Goods,333.0,F,2014-12-01T00:00:00.000+01:00
201412,Imports,00,ES,Goods,1.58764247E8,F,2014-12-01T00:00:00.000+01:00
201412,Imports,00,ET,Goods,2246772.0,F,2014-12-01T00:00:00.000+01:00
201412,Imports,00,FI,Goods,3.7388357E7,F,2014-12-01T00:00:00.000+01:00
201412,Imports,00,FJ,Goods,1.4138454E7,F,2014-12-01T00:00:00.000+01:00
201412,Imports,00,FR,Goods,3.02895508E8,F,2014-12-01T00:00:00.000+01:00
201412,Imports,00,GA,Goods,19.0,F,2014-12-01T00:00:00.000+01:00
201412,Imports,00,GB,Goods,3.37282905E8,F,2014-12-01T00:00:00.000+01:00
201412,Imports,00,GE,Goods,45527.0,F,2014-12-01T00:00:00.000+01:00
201412,Imports,00,GH,Goods,599194.0,F,2014-12-01T00:00:00.000+01:00
201412,Imports,00,GM,Goods,417.0,F,2014-12-01T00:00:00.000+01:00
201412,Imports,00,GN,Goods,209904.0,F,2014-12-01T00:00:00.000+01:00
201412,Imports,00,GP,Goods,59185.0,F,2014-12-01T00:00:00.000+01:00
201412,Imports,00,GR,Goods,7611156.0,F,2014-12-01T00:00:00.000+01:00
201412,Imports,00,GT,Goods,565261.0,F,2014-12-01T00:00:00.000+01:00
201412,Imports,00,GU,Goods,62865.0,F,2014-12-01T00:00:00.000+01:00
201412,Imports,00,GY,Goods,1003478.0,F,2014-12-01T00:00:00.000+01:00
201412,Imports,00,HK,Goods,3.8583295E7,F,2014-12-01T00:00:00.000+01:00
201412,Imports,00,HN,Goods,1108717.0,F,2014-12-01T00:00:00.000+01:00
201412,Imports,00,HR,Goods,766634.0,F,2014-12-01T00:00:00.000+01:00
201412,Imports,00,HT,Goods,177745.0,F,2014-12-01T00:00:00.000+01:00
201412,Imports,00,HU,Goods,1.6432608E7,F,2014-12-01T00:00:00.000+01:00
201412,Imports,00,ID,Goods,1.96177318E8,F,2014-12-01T00:00:00.000+01:00
201412,Imports,00,IE,Goods,6.0170165E7,F,2014-12-01T00:00:00.000+01:00
201412,Imports,00,IL,Goods,3.2773807E7,F,2014-12-01T00:00:00.000+01:00
201412,Imports,00,IN,Goods,1.38976968E8,F,2014-12-01T00:00:00.000+01:00
201412,Imports,00,IO,Goods,31.0,F,2014-12-01T00:00:00.000+01:00
201412,Imports,00,IR,Goods,807453.0,F,2014-12-01T00:00:00.000+01:00
201412,Imports,00,IS,Goods,215573.0,F,2014-12-01T00:00:00.000+01:00
201412,Imports,00,IT,Goods,2.46408466E8,F,2014-12-01T00:00:00.000+01:00
201412,Imports,00,JM,Goods,1971533.0,F,2014-12-01T00:00:00.000+01:00
201412,Imports,00,JO,Goods,215188.0,F,2014-12-01T00:00:00.000+01:00
201412,Imports,00,JP,Goods,8.3416015E8,F,2014-12-01T00:00:00.000+01:00
201412,Imports,00,KE,Goods,821844.0,F,2014-12-01T00:00:00.000+01:00
201412,Imports,00,KG,Goods,286.0,F,2014-12-01T00:00:00.000+01:00
201412,Imports,00,KH,Goods,3341997.0,F,2014-12-01T00:00:00.000+01:00
201412,Imports,00,KI,Goods,78631.0,F,2014-12-01T00:00:00.000+01:00
201412,Imports,00,KM,Goods,236.0,F,2014-12-01T00:00:00.000+01:00
201412,Imports,00,KN,Goods,295.0,F,2014-12-01T00:00:00.000+01:00
201412,Imports,00,KR,Goods,5.89112275E8,F,2014-12-01T00:00:00.000+01:00
201412,Imports,00,KW,Goods,8.46754E7,F,2014-12-01T00:00:00.000+01:00
201412,Imports,00,KY,Goods,8974.0,F,2014-12-01T00:00:00.000+01:00
201412,Imports,00,KZ,Goods,324376.0,F,2014-12-01T00:00:00.000+01:00
201412,Imports,00,LA,Goods,2361658.0,F,2014-12-01T00:00:00.000+01:00
201412,Imports,00,LB,Goods,77270.0,F,2014-12-01T00:00:00.000+01:00
201412,Imports,00,LI,Goods,136049.0,F,2014-12-01T00:00:00.000+01:00
201412,Imports,00,LK,Goods,1.3007335E7,F,2014-12-01T00:00:00.000+01:00
201412,Imports,00,LR,Goods,176.0,F,2014-12-01T00:00:00.000+01:00
201412,Imports,00,LS,Goods,2705.0,F,2014-12-01T00:00:00.000+01:00
201412,Imports,00,LT,Goods,2674548.0,F,2014-12-01T00:00:00.000+01:00
201412,Imports,00,LU,Goods,2056352.0,F,2014-12-01T00:00:00.000+01:00
201412,Imports,00,LV,Goods,975184.0,F,2014-12-01T00:00:00.000+01:00
201412,Imports,00,MA,Goods,4.8697546E7,F,2014-12-01T00:00:00.000+01:00
201412,Imports,00,MC,Goods,49070.0,F,2014-12-01T00:00:00.000+01:00
201412,Imports,00,MD,Goods,93783.0,F,2014-12-01T00:00:00.000+01:00
201412,Imports,00,ME,Goods,2679.0,F,2014-12-01T00:00:00.000+01:00
201412,Imports,00,MG,Goods,260557.0,F,2014-12-01T00:00:00.000+01:00
201412,Imports,00,MH,Goods,127579.0,F,2014-12-01T00:00:00.000+01:00
201412,Imports,00,MK,Goods,232497.0,F,2014-12-01T00:00:00.000+01:00
201412,Imports,00,ML,Goods,34161.0,F,2014-12-01T00:00:00.000+01:00
201412,Imports,00,MM,Goods,1092851.0,F,2014-12-01T00:00:00.000+01:00
201412,Imports,00,MN,Goods,96043.0,F,2014-12-01T00:00:00.000+01:00
201412,Imports,00,MO,Goods,164205.0,F,2014-12-01T00:00:00.000+01:00
201412,Imports,00,MR,Goods,5323.0,F,2014-12-01T00:00:00.000+01:00
201412,Imports,00,MS,Goods,818.0,F,2014-12-01T00:00:00.000+01:00
201412,Imports,00,MT,Goods,1155349.0,F,2014-12-01T00:00:00.000+01:00
201412,Imports,00,MU,Goods,537084.0,F,2014-12-01T00:00:00.000+01:00
201412,Imports,00,MW,Goods,145385.0,F,2014-12-01T00:00:00.000+01:00
201412,Imports,00,MX,Goods,6.7544082E7,F,2014-12-01T00:00:00.000+01:00
201412,Imports,00,MY,Goods,5.20686586E8,F,2014-12-01T00:00:00.000+01:00
201412,Imports,00,MZ,Goods,22836.0,F,2014-12-01T00:00:00.000+01:00
201412,Imports,00,NA,Goods,8513.0,F,2014-12-01T00:00:00.000+01:00
201412,Imports,00,NC,Goods,573690.0,F,2014-12-01T00:00:00.000+01:00
201412,Imports,00,NE,Goods,10658.0,F,2014-12-01T00:00:00.000+01:00
201412,Imports,00,NF,Goods,6104.0,F,2014-12-01T00:00:00.000+01:00
201412,Imports,00,NG,Goods,15657.0,F,2014-12-01T00:00:00.000+01:00
201412,Imports,00,NI,Goods,292999.0,F,2014-12-01T00:00:00.000+01:00
201412,Imports,00,NL,Goods,1.06970084E8,F,2014-12-01T00:00:00.000+01:00
201412,Imports,00,NO,Goods,1.6753328E7,F,2014-12-01T00:00:00.000+01:00
201412,Imports,00,NP,Goods,306696.0,F,2014-12-01T00:00:00.000+01:00
201412,Imports,00,NR,Goods,11666.0,F,2014-12-01T00:00:00.000+01:00
201412,Imports,00,NU,Goods,121256.0,F,2014-12-01T00:00:00.000+01:00
201412,Imports,00,NZ,Goods,4.3293946E7,F,2014-12-01T00:00:00.000+01:00
201412,Imports,00,OM,Goods,233082.0,F,2014-12-01T00:00:00.000+01:00
201412,Imports,00,PA,Goods,186785.0,F,2014-12-01T00:00:00.000+01:00
201412,Imports,00,PE,Goods,1.3623658E7,F,2014-12-01T00:00:00.000+01:00
201412,Imports,00,PF,Goods,513208.0,F,2014-12-01T00:00:00.000+01:00
201412,Imports,00,PG,Goods,3280484.0,F,2014-12-01T00:00:00.000+01:00
201412,Imports,00,PH,Goods,3.5509714E7,F,2014-12-01T00:00:00.000+01:00
201412,Imports,00,PK,Goods,1.8049908E7,F,2014-12-01T00:00:00.000+01:00
201412,Imports,00,PL,Goods,2.5091857E7,F,2014-12-01T00:00:00.000+01:00
201412,Imports,00,PN,Goods,13464.0,F,2014-12-01T00:00:00.000+01:00
201412,Imports,00,PR,Goods,4525333.0,F,2014-12-01T00:00:00.000+01:00
201412,Imports,00,PT,Goods,7126062.0,F,2014-12-01T00:00:00.000+01:00
201412,Imports,00,PY,Goods,161704.0,F,2014-12-01T00:00:00.000+01:00
201412,Imports,00,QA,Goods,3.19143088E8,F,2014-12-01T00:00:00.000+01:00
201412,Imports,00,RE,Goods,3427.0,F,2014-12-01T00:00:00.000+01:00
201412,Imports,00,RO,Goods,3734424.0,F,2014-12-01T00:00:00.000+01:00
201412,Imports,00,RS,Goods,476236.0,F,2014-12-01T00:00:00.000+01:00
201412,Imports,00,RU,Goods,1.86090079E8,F,2014-12-01T00:00:00.000+01:00
201412,Imports,00,RW,Goods,19953.0,F,2014-12-01T00:00:00.000+01:00
201412,Imports,00,SA,Goods,1.12212986E8,F,2014-12-01T00:00:00.000+01:00
201412,Imports,00,SB,Goods,1827772.0,F,2014-12-01T00:00:00.000+01:00
201412,Imports,00,SC,Goods,43626.0,F,2014-12-01T00:00:00.000+01:00
201412,Imports,00,SD,Goods,164.0,F,2014-12-01T00:00:00.000+01:00
201412,Imports,00,SE,Goods,7.2024878E7,F,2014-12-01T00:00:00.000+01:00
201412,Imports,00,SG,Goods,4.33239918E8,F,2014-12-01T00:00:00.000+01:00
201412,Imports,00,SH,Goods,151.0,F,2014-12-01T00:00:00.000+01:00
201412,Imports,00,SI,Goods,3120980.0,F,2014-12-01T00:00:00.000+01:00
201412,Imports,00,SK,Goods,1.5319859E7,F,2014-12-01T00:00:00.000+01:00
201412,Imports,00,SL,Goods,78911.0,F,2014-12-01T00:00:00.000+01:00
201412,Imports,00,SM,Goods,158.0,F,2014-12-01T00:00:00.000+01:00
201412,Imports,00,SN,Goods,970.0,F,2014-12-01T00:00:00.000+01:00
201412,Imports,00,SO,Goods,5214.0,F,2014-12-01T00:00:00.000+01:00
201412,Imports,00,SR,Goods,110307.0,F,2014-12-01T00:00:00.000+01:00
201412,Imports,00,ST,Goods,725.0,F,2014-12-01T00:00:00.000+01:00
201412,Imports,00,SV,Goods,355189.0,F,2014-12-01T00:00:00.000+01:00
201412,Imports,00,SY,Goods,7360.0,F,2014-12-01T00:00:00.000+01:00
201412,Imports,00,SZ,Goods,38193.0,F,2014-12-01T00:00:00.000+01:00
201412,Imports,00,TC,Goods,291.0,F,2014-12-01T00:00:00.000+01:00
201412,Imports,00,TH,Goods,4.72024585E8,F,2014-12-01T00:00:00.000+01:00
201412,Imports,00,TJ,Goods,40.0,F,2014-12-01T00:00:00.000+01:00
201412,Imports,00,TK,Goods,74218.0,F,2014-12-01T00:00:00.000+01:00
201412,Imports,00,TL,Goods,143711.0,F,2014-12-01T00:00:00.000+01:00
201412,Imports,00,TN,Goods,3122807.0,F,2014-12-01T00:00:00.000+01:00
201412,Imports,00,TO,Goods,687490.0,F,2014-12-01T00:00:00.000+01:00
201412,Imports,00,TR,Goods,4.0705975E7,F,2014-12-01T00:00:00.000+01:00
201412,Imports,00,TT,Goods,269964.0,F,2014-12-01T00:00:00.000+01:00
201412,Imports,00,TW,Goods,2.03925124E8,F,2014-12-01T00:00:00.000+01:00
201412,Imports,00,TZ,Goods,2998658.0,F,2014-12-01T00:00:00.000+01:00
201412,Imports,00,UA,Goods,2638550.0,F,2014-12-01T00:00:00.000+01:00
201412,Imports,00,UG,Goods,196152.0,F,2014-12-01T00:00:00.000+01:00
201412,Imports,00,UM,Goods,5883.0,F,2014-12-01T00:00:00.000+01:00
201412,Imports,00,US,Goods,1.499574612E9,F,2014-12-01T00:00:00.000+01:00
201412,Imports,00,UY,Goods,744852.0,F,2014-12-01T00:00:00.000+01:00
201412,Imports,00,UZ,Goods,9390.0,F,2014-12-01T00:00:00.000+01:00
201412,Imports,00,VC,Goods,410.0,F,2014-12-01T00:00:00.000+01:00
201412,Imports,00,VE,Goods,29523.0,F,2014-12-01T00:00:00.000+01:00
201412,Imports,00,VG,Goods,15533.0,F,2014-12-01T00:00:00.000+01:00
201412,Imports,00,VI,Goods,2389.0,F,2014-12-01T00:00:00.000+01:00
201412,Imports,00,VN,Goods,1.30914214E8,F,2014-12-01T00:00:00.000+01:00
201412,Imports,00,VU,Goods,490178.0,F,2014-12-01T00:00:00.000+01:00
201412,Imports,00,WS,Goods,1230836.0,F,2014-12-01T00:00:00.000+01:00
201412,Imports,00,YT,Goods,1378.0,F,2014-12-01T00:00:00.000+01:00
201412,Imports,00,ZA,Goods,4.5195065E7,F,2014-12-01T00:00:00.000+01:00
201412,Imports,00,ZM,Goods,45897.0,F,2014-12-01T00:00:00.000+01:00
201412,Imports,00,ZW,Goods,39436.0,F,2014-12-01T00:00:00.000+01:00
201409,Exports,00,AE,Goods,1.82043647E8,F,2014-09-01T00:00:00.000+02:00
201409,Exports,00,AF,Goods,228772.0,F,2014-09-01T00:00:00.000+02:00
201409,Exports,00,AG,Goods,184951.0,F,2014-09-01T00:00:00.000+02:00
201409,Exports,00,AL,Goods,140362.0,F,2014-09-01T00:00:00.000+02:00
201409,Exports,00,AM,Goods,5880935.0,F,2014-09-01T00:00:00.000+02:00
201409,Exports,00,AO,Goods,1.0850862E7,F,2014-09-01T00:00:00.000+02:00
201409,Exports,00,AQ,Goods,33132.0,F,2014-09-01T00:00:00.000+02:00
201409,Exports,00,AR,Goods,6721315.0,F,2014-09-01T00:00:00.000+02:00
201409,Exports,00,AS,Goods,7057302.0,F,2014-09-01T00:00:00.000+02:00
201409,Exports,00,AT,Goods,4715649.0,F,2014-09-01T00:00:00.000+02:00
201409,Exports,00,AU,Goods,2.225485085E9,F,2014-09-01T00:00:00.000+02:00
201409,Exports,00,AW,Goods,290962.0,F,2014-09-01T00:00:00.000+02:00
201409,Exports,00,AZ,Goods,9865265.0,F,2014-09-01T00:00:00.000+02:00
201409,Exports,00,BB,Goods,6207260.0,F,2014-09-01T00:00:00.000+02:00
201409,Exports,00,BD,Goods,3.3028416E7,F,2014-09-01T00:00:00.000+02:00
201409,Exports,00,BE,Goods,4.6719461E7,F,2014-09-01T00:00:00.000+02:00
201409,Exports,00,BF,Goods,3017.0,F,2014-09-01T00:00:00.000+02:00
201409,Exports,00,BG,Goods,1951136.0,F,2014-09-01T00:00:00.000+02:00
201409,Exports,00,BH,Goods,1.3592591E7,F,2014-09-01T00:00:00.000+02:00
201409,Exports,00,BJ,Goods,1107660.0,F,2014-09-01T00:00:00.000+02:00
201409,Exports,00,BM,Goods,1201696.0,F,2014-09-01T00:00:00.000+02:00
201409,Exports,00,BN,Goods,1143180.0,F,2014-09-01T00:00:00.000+02:00
201409,Exports,00,BO,Goods,107736.0,F,2014-09-01T00:00:00.000+02:00
201409,Exports,00,BR,Goods,2.9815076E7,F,2014-09-01T00:00:00.000+02:00
201409,Exports,00,BS,Goods,538390.0,F,2014-09-01T00:00:00.000+02:00
201409,Exports,00,BT,Goods,93521.0,F,2014-09-01T00:00:00.000+02:00
201409,Exports,00,BW,Goods,31661.0,F,2014-09-01T00:00:00.000+02:00
201409,Exports,00,BY,Goods,158331.0,F,2014-09-01T00:00:00.000+02:00
201409,Exports,00,BZ,Goods,97473.0,F,2014-09-01T00:00:00.000+02:00
201409,Exports,00,CA,Goods,1.34163679E8,F,2014-09-01T00:00:00.000+02:00
201409,Exports,00,CD,Goods,1705636.0,F,2014-09-01T00:00:00.000+02:00
201409,Exports,00,CG,Goods,455850.0,F,2014-09-01T00:00:00.000+02:00
201409,Exports,00,CH,Goods,1.7040287E7,F,2014-09-01T00:00:00.000+02:00
201409,Exports,00,CI,Goods,2325840.0,F,2014-09-01T00:00:00.000+02:00
201409,Exports,00,CK,Goods,2.8993729E7,F,2014-09-01T00:00:00.000+02:00
201409,Exports,00,CL,Goods,3.1004554E7,F,2014-09-01T00:00:00.000+02:00
201409,Exports,00,CM,Goods,8031691.0,F,2014-09-01T00:00:00.000+02:00
201409,Exports,00,CN,Goods,1.797325255E9,F,2014-09-01T00:00:00.000+02:00
201409,Exports,00,CO,Goods,4970244.0,F,2014-09-01T00:00:00.000+02:00
201409,Exports,00,CR,Goods,1172075.0,F,2014-09-01T00:00:00.000+02:00
201409,Exports,00,CU,Goods,4697611.0,F,2014-09-01T00:00:00.000+02:00
201409,Exports,00,CW,Goods,123744.0,F,2014-09-01T00:00:00.000+02:00
201409,Exports,00,CY,Goods,3551859.0,F,2014-09-01T00:00:00.000+02:00
201409,Exports,00,CZ,Goods,2283960.0,F,2014-09-01T00:00:00.000+02:00
201409,Exports,00,DE,Goods,1.28662526E8,F,2014-09-01T00:00:00.000+02:00
201409,Exports,00,DJ,Goods,312724.0,F,2014-09-01T00:00:00.000+02:00
201409,Exports,00,DK,Goods,2.2790427E7,F,2014-09-01T00:00:00.000+02:00
201409,Exports,00,DO,Goods,1279857.0,F,2014-09-01T00:00:00.000+02:00
201409,Exports,00,DZ,Goods,1.13246378E8,F,2014-09-01T00:00:00.000+02:00
201409,Exports,00,EC,Goods,936798.0,F,2014-09-01T00:00:00.000+02:00
201409,Exports,00,EE,Goods,1096292.0,F,2014-09-01T00:00:00.000+02:00
201409,Exports,00,EG,Goods,7.0004824E7,F,2014-09-01T00:00:00.000+02:00
201409,Exports,00,ES,Goods,5.4747829E7,F,2014-09-01T00:00:00.000+02:00
201409,Exports,00,ET,Goods,504721.0,F,2014-09-01T00:00:00.000+02:00
201409,Exports,00,FI,Goods,3973203.0,F,2014-09-01T00:00:00.000+02:00
201409,Exports,00,FJ,Goods,9.5003746E7,F,2014-09-01T00:00:00.000+02:00
201409,Exports,00,FK,Goods,183582.0,F,2014-09-01T00:00:00.000+02:00
201409,Exports,00,FM,Goods,296091.0,F,2014-09-01T00:00:00.000+02:00
201409,Exports,00,FO,Goods,1060092.0,F,2014-09-01T00:00:00.000+02:00
201409,Exports,00,FR,Goods,8.1576546E7,F,2014-09-01T00:00:00.000+02:00
201409,Exports,00,GA,Goods,1265839.0,F,2014-09-01T00:00:00.000+02:00
201409,Exports,00,GB,Goods,3.084716E8,F,2014-09-01T00:00:00.000+02:00
201409,Exports,00,GD,Goods,683225.0,F,2014-09-01T00:00:00.000+02:00
201409,Exports,00,GE,Goods,1795829.0,F,2014-09-01T00:00:00.000+02:00
201409,Exports,00,GF,Goods,747121.0,F,2014-09-01T00:00:00.000+02:00
201409,Exports,00,GH,Goods,9043333.0,F,2014-09-01T00:00:00.000+02:00
201409,Exports,00,GI,Goods,367612.0,F,2014-09-01T00:00:00.000+02:00
201409,Exports,00,GL,Goods,1368.0,F,2014-09-01T00:00:00.000+02:00
201409,Exports,00,GM,Goods,70909.0,F,2014-09-01T00:00:00.000+02:00
201409,Exports,00,GN,Goods,436609.0,F,2014-09-01T00:00:00.000+02:00
201409,Exports,00,GP,Goods,2919254.0,F,2014-09-01T00:00:00.000+02:00
201409,Exports,00,GQ,Goods,538650.0,F,2014-09-01T00:00:00.000+02:00
201409,Exports,00,GR,Goods,7374332.0,F,2014-09-01T00:00:00.000+02:00
201409,Exports,00,GT,Goods,5579621.0,F,2014-09-01T00:00:00.000+02:00
201409,Exports,00,GU,Goods,1285911.0,F,2014-09-01T00:00:00.000+02:00
201409,Exports,00,GY,Goods,2683542.0,F,2014-09-01T00:00:00.000+02:00
201409,Exports,00,HK,Goods,1.85213487E8,F,2014-09-01T00:00:00.000+02:00
201409,Exports,00,HN,Goods,142276.0,F,2014-09-01T00:00:00.000+02:00
201409,Exports,00,HR,Goods,587578.0,F,2014-09-01T00:00:00.000+02:00
201409,Exports,00,HT,Goods,369389.0,F,2014-09-01T00:00:00.000+02:00
201409,Exports,00,HU,Goods,517636.0,F,2014-09-01T00:00:00.000+02:00
201409,Exports,00,ID,Goods,2.08058152E8,F,2014-09-01T00:00:00.000+02:00
201409,Exports,00,IE,Goods,1.5270448E7,F,2014-09-01T00:00:00.000+02:00
201409,Exports,00,IL,Goods,7334124.0,F,2014-09-01T00:00:00.000+02:00
201409,Exports,00,IN,Goods,1.30360368E8,F,2014-09-01T00:00:00.000+02:00
201409,Exports,00,IQ,Goods,243721.0,F,2014-09-01T00:00:00.000+02:00
201409,Exports,00,IR,Goods,7831391.0,F,2014-09-01T00:00:00.000+02:00
201409,Exports,00,IS,Goods,166740.0,F,2014-09-01T00:00:00.000+02:00
201409,Exports,00,IT,Goods,1.24814245E8,F,2014-09-01T00:00:00.000+02:00
201409,Exports,00,JM,Goods,6107769.0,F,2014-09-01T00:00:00.000+02:00
201409,Exports,00,JO,Goods,1.8300686E7,F,2014-09-01T00:00:00.000+02:00
201409,Exports,00,JP,Goods,6.86284117E8,F,2014-09-01T00:00:00.000+02:00
201409,Exports,00,KE,Goods,1090928.0,F,2014-09-01T00:00:00.000+02:00
201409,Exports,00,KG,Goods,2499.0,F,2014-09-01T00:00:00.000+02:00
201409,Exports,00,KH,Goods,1192741.0,F,2014-09-01T00:00:00.000+02:00
201409,Exports,00,KI,Goods,1996965.0,F,2014-09-01T00:00:00.000+02:00
201409,Exports,00,KN,Goods,63016.0,F,2014-09-01T00:00:00.000+02:00
201409,Exports,00,KR,Goods,4.1916764E8,F,2014-09-01T00:00:00.000+02:00
201409,Exports,00,KW,Goods,1.5741335E7,F,2014-09-01T00:00:00.000+02:00
201409,Exports,00,KY,Goods,165655.0,F,2014-09-01T00:00:00.000+02:00
201409,Exports,00,KZ,Goods,565258.0,F,2014-09-01T00:00:00.000+02:00
201409,Exports,00,LA,Goods,336293.0,F,2014-09-01T00:00:00.000+02:00
201409,Exports,00,LB,Goods,3496955.0,F,2014-09-01T00:00:00.000+02:00
201409,Exports,00,LC,Goods,814242.0,F,2014-09-01T00:00:00.000+02:00
201409,Exports,00,LI,Goods,1571.0,F,2014-09-01T00:00:00.000+02:00
201409,Exports,00,LK,Goods,6.9504358E7,F,2014-09-01T00:00:00.000+02:00
201409,Exports,00,LR,Goods,158025.0,F,2014-09-01T00:00:00.000+02:00
201409,Exports,00,LT,Goods,4019608.0,F,2014-09-01T00:00:00.000+02:00
201409,Exports,00,LU,Goods,13053.0,F,2014-09-01T00:00:00.000+02:00
201409,Exports,00,LV,Goods,3264039.0,F,2014-09-01T00:00:00.000+02:00
201409,Exports,00,LY,Goods,2.0403353E7,F,2014-09-01T00:00:00.000+02:00
201409,Exports,00,MA,Goods,1.2789317E7,F,2014-09-01T00:00:00.000+02:00
201409,Exports,00,MD,Goods,129035.0,F,2014-09-01T00:00:00.000+02:00
201409,Exports,00,ME,Goods,2674.0,F,2014-09-01T00:00:00.000+02:00
201409,Exports,00,MG,Goods,115753.0,F,2014-09-01T00:00:00.000+02:00
201409,Exports,00,MH,Goods,426721.0,F,2014-09-01T00:00:00.000+02:00
201409,Exports,00,MK,Goods,2237.0,F,2014-09-01T00:00:00.000+02:00
201409,Exports,00,ML,Goods,973813.0,F,2014-09-01T00:00:00.000+02:00
201409,Exports,00,MM,Goods,4481283.0,F,2014-09-01T00:00:00.000+02:00
201409,Exports,00,MN,Goods,4610085.0,F,2014-09-01T00:00:00.000+02:00
201409,Exports,00,MO,Goods,1639885.0,F,2014-09-01T00:00:00.000+02:00
201409,Exports,00,MP,Goods,906888.0,F,2014-09-01T00:00:00.000+02:00
201409,Exports,00,MQ,Goods,1264916.0,F,2014-09-01T00:00:00.000+02:00
201409,Exports,00,MT,Goods,1535489.0,F,2014-09-01T00:00:00.000+02:00
201409,Exports,00,MU,Goods,1.5617943E7,F,2014-09-01T00:00:00.000+02:00
201409,Exports,00,MV,Goods,3993066.0,F,2014-09-01T00:00:00.000+02:00
201409,Exports,00,MW,Goods,3077.0,F,2014-09-01T00:00:00.000+02:00
201409,Exports,00,MX,Goods,5.5628683E7,F,2014-09-01T00:00:00.000+02:00
201409,Exports,00,MY,Goods,2.02363048E8,F,2014-09-01T00:00:00.000+02:00
201409,Exports,00,MZ,Goods,986066.0,F,2014-09-01T00:00:00.000+02:00
201409,Exports,00,NA,Goods,357146.0,F,2014-09-01T00:00:00.000+02:00
201409,Exports,00,NC,Goods,3.7156308E7,F,2014-09-01T00:00:00.000+02:00
201409,Exports,00,NE,Goods,641388.0,F,2014-09-01T00:00:00.000+02:00
201409,Exports,00,NF,Goods,2688802.0,F,2014-09-01T00:00:00.000+02:00
201409,Exports,00,NG,Goods,6.8434787E7,F,2014-09-01T00:00:00.000+02:00
201409,Exports,00,NI,Goods,5008161.0,F,2014-09-01T00:00:00.000+02:00
201409,Exports,00,NL,Goods,1.99464028E8,F,2014-09-01T00:00:00.000+02:00
201409,Exports,00,NO,Goods,7124646.0,F,2014-09-01T00:00:00.000+02:00
201409,Exports,00,NP,Goods,2077153.0,F,2014-09-01T00:00:00.000+02:00
201409,Exports,00,NR,Goods,233404.0,F,2014-09-01T00:00:00.000+02:00
201409,Exports,00,NU,Goods,5047662.0,F,2014-09-01T00:00:00.000+02:00
201409,Exports,00,OM,Goods,7823738.0,F,2014-09-01T00:00:00.000+02:00
201409,Exports,00,PA,Goods,1.1019135E7,F,2014-09-01T00:00:00.000+02:00
201409,Exports,00,PE,Goods,2.6141989E7,F,2014-09-01T00:00:00.000+02:00
201409,Exports,00,PF,Goods,3.8853281E7,F,2014-09-01T00:00:00.000+02:00
201409,Exports,00,PG,Goods,5.0287497E7,F,2014-09-01T00:00:00.000+02:00
201409,Exports,00,PH,Goods,1.58986666E8,F,2014-09-01T00:00:00.000+02:00
201409,Exports,00,PK,Goods,1.6278437E7,F,2014-09-01T00:00:00.000+02:00
201409,Exports,00,PL,Goods,5950485.0,F,2014-09-01T00:00:00.000+02:00
201409,Exports,00,PN,Goods,1170208.0,F,2014-09-01T00:00:00.000+02:00
201409,Exports,00,PR,Goods,1015380.0,F,2014-09-01T00:00:00.000+02:00
201409,Exports,00,PS,Goods,96501.0,F,2014-09-01T00:00:00.000+02:00
201409,Exports,00,PT,Goods,9472864.0,F,2014-09-01T00:00:00.000+02:00
201409,Exports,00,PW,Goods,59565.0,F,2014-09-01T00:00:00.000+02:00
201409,Exports,00,PY,Goods,123481.0,F,2014-09-01T00:00:00.000+02:00
201409,Exports,00,QA,Goods,7964217.0,F,2014-09-01T00:00:00.000+02:00
201409,Exports,00,RE,Goods,2307821.0,F,2014-09-01T00:00:00.000+02:00
201409,Exports,00,RO,Goods,6355874.0,F,2014-09-01T00:00:00.000+02:00
201409,Exports,00,RS,Goods,18634.0,F,2014-09-01T00:00:00.000+02:00
201409,Exports,00,RU,Goods,5.1472885E7,F,2014-09-01T00:00:00.000+02:00
201409,Exports,00,RW,Goods,8838.0,F,2014-09-01T00:00:00.000+02:00
201409,Exports,00,SA,Goods,1.34104943E8,F,2014-09-01T00:00:00.000+02:00
201409,Exports,00,SB,Goods,7857604.0,F,2014-09-01T00:00:00.000+02:00
201409,Exports,00,SC,Goods,1267045.0,F,2014-09-01T00:00:00.000+02:00
201409,Exports,00,SD,Goods,6723479.0,F,2014-09-01T00:00:00.000+02:00
201409,Exports,00,SE,Goods,1.3928926E7,F,2014-09-01T00:00:00.000+02:00
201409,Exports,00,SG,Goods,2.40593732E8,F,2014-09-01T00:00:00.000+02:00
201409,Exports,00,SI,Goods,1830674.0,F,2014-09-01T00:00:00.000+02:00
201409,Exports,00,SK,Goods,243027.0,F,2014-09-01T00:00:00.000+02:00
201409,Exports,00,SL,Goods,336697.0,F,2014-09-01T00:00:00.000+02:00
201409,Exports,00,SN,Goods,5757943.0,F,2014-09-01T00:00:00.000+02:00
201409,Exports,00,SR,Goods,1034.0,F,2014-09-01T00:00:00.000+02:00
201409,Exports,00,SV,Goods,1067762.0,F,2014-09-01T00:00:00.000+02:00
201409,Exports,00,SX,Goods,216498.0,F,2014-09-01T00:00:00.000+02:00
201409,Exports,00,SY,Goods,3113748.0,F,2014-09-01T00:00:00.000+02:00
201409,Exports,00,SZ,Goods,2073.0,F,2014-09-01T00:00:00.000+02:00
201409,Exports,00,TD,Goods,3432.0,F,2014-09-01T00:00:00.000+02:00
201409,Exports,00,TG,Goods,195882.0,F,2014-09-01T00:00:00.000+02:00
201409,Exports,00,TH,Goods,1.6182154E8,F,2014-09-01T00:00:00.000+02:00
201409,Exports,00,TL,Goods,723525.0,F,2014-09-01T00:00:00.000+02:00
201409,Exports,00,TM,Goods,6842.0,F,2014-09-01T00:00:00.000+02:00
201409,Exports,00,TN,Goods,619359.0,F,2014-09-01T00:00:00.000+02:00
201409,Exports,00,TO,Goods,1.2618483E7,F,2014-09-01T00:00:00.000+02:00
201409,Exports,00,TR,Goods,2.4619106E7,F,2014-09-01T00:00:00.000+02:00
201409,Exports,00,TT,Goods,1.4350502E7,F,2014-09-01T00:00:00.000+02:00
201409,Exports,00,TV,Goods,1843842.0,F,2014-09-01T00:00:00.000+02:00
201409,Exports,00,TW,Goods,2.29404364E8,F,2014-09-01T00:00:00.000+02:00
201409,Exports,00,TZ,Goods,1018376.0,F,2014-09-01T00:00:00.000+02:00
201409,Exports,00,UA,Goods,3271540.0,F,2014-09-01T00:00:00.000+02:00
201409,Exports,00,UG,Goods,10114.0,F,2014-09-01T00:00:00.000+02:00
201409,Exports,00,US,Goods,1.006902263E9,F,2014-09-01T00:00:00.000+02:00
201409,Exports,00,UY,Goods,4286468.0,F,2014-09-01T00:00:00.000+02:00
201409,Exports,00,UZ,Goods,1562652.0,F,2014-09-01T00:00:00.000+02:00
201409,Exports,00,VC,Goods,561732.0,F,2014-09-01T00:00:00.000+02:00
201409,Exports,00,VE,Goods,2.1900829E7,F,2014-09-01T00:00:00.000+02:00
201409,Exports,00,VI,Goods,47679.0,F,2014-09-01T00:00:00.000+02:00
201409,Exports,00,VN,Goods,1.07804148E8,F,2014-09-01T00:00:00.000+02:00
201409,Exports,00,VU,Goods,9334687.0,F,2014-09-01T00:00:00.000+02:00
201409,Exports,00,WF,Goods,587052.0,F,2014-09-01T00:00:00.000+02:00
201409,Exports,00,WS,Goods,2.6548519E7,F,2014-09-01T00:00:00.000+02:00
201409,Exports,00,XX,Goods,61690.0,F,2014-09-01T00:00:00.000+02:00
201409,Exports,00,YE,Goods,1.2235391E7,F,2014-09-01T00:00:00.000+02:00
201409,Exports,00,YT,Goods,291942.0,F,2014-09-01T00:00:00.000+02:00
201409,Exports,00,ZA,Goods,4.6747086E7,F,2014-09-01T00:00:00.000+02:00
201409,Exports,00,ZB,Goods,6.0E7,F,2014-09-01T00:00:00.000+02:00
201409,Exports,00,ZE,Goods,9.2519716E7,F,2014-09-01T00:00:00.000+02:00
201409,Exports,00,ZM,Goods,944943.0,F,2014-09-01T00:00:00.000+02:00
201409,Exports,00,ZP,Goods,5.4071322E7,F,2014-09-01T00:00:00.000+02:00
201409,Exports,00,ZS,Goods,6251127.0,F,2014-09-01T00:00:00.000+02:00
201409,Exports,00,ZW,Goods,2749600.0,F,2014-09-01T00:00:00.000+02:00
201409,Imports,00,AD,Goods,99.0,F,2014-09-01T00:00:00.000+02:00
201409,Imports,00,AE,Goods,1.90445061E8,F,2014-09-01T00:00:00.000+02:00
201409,Imports,00,AF,Goods,28727.0,F,2014-09-01T00:00:00.000+02:00
201409,Imports,00,AG,Goods,36114.0,F,2014-09-01T00:00:00.000+02:00
201409,Imports,00,AI,Goods,38104.0,F,2014-09-01T00:00:00.000+02:00
201409,Imports,00,AL,Goods,23842.0,F,2014-09-01T00:00:00.000+02:00
201409,Imports,00,AM,Goods,26433.0,F,2014-09-01T00:00:00.000+02:00
201409,Imports,00,AQ,Goods,73.0,F,2014-09-01T00:00:00.000+02:00
201409,Imports,00,AR,Goods,4.3464058E7,F,2014-09-01T00:00:00.000+02:00
201409,Imports,00,AS,Goods,400910.0,F,2014-09-01T00:00:00.000+02:00
201409,Imports,00,AT,Goods,6.07926E7,F,2014-09-01T00:00:00.000+02:00
201409,Imports,00,AU,Goods,1.634367819E9,F,2014-09-01T00:00:00.000+02:00
201409,Imports,00,AW,Goods,103.0,F,2014-09-01T00:00:00.000+02:00
201409,Imports,00,BA,Goods,203100.0,F,2014-09-01T00:00:00.000+02:00
201409,Imports,00,BB,Goods,79223.0,F,2014-09-01T00:00:00.000+02:00
201409,Imports,00,BD,Goods,1.4432224E7,F,2014-09-01T00:00:00.000+02:00
201409,Imports,00,BE,Goods,7.9088637E7,F,2014-09-01T00:00:00.000+02:00
201409,Imports,00,BF,Goods,583.0,F,2014-09-01T00:00:00.000+02:00
201409,Imports,00,BG,Goods,3186578.0,F,2014-09-01T00:00:00.000+02:00
201409,Imports,00,BH,Goods,923399.0,F,2014-09-01T00:00:00.000+02:00
201409,Imports,00,BM,Goods,987012.0,F,2014-09-01T00:00:00.000+02:00
201409,Imports,00,BN,Goods,1.7704073E8,F,2014-09-01T00:00:00.000+02:00
201409,Imports,00,BO,Goods,1196934.0,F,2014-09-01T00:00:00.000+02:00
201409,Imports,00,BR,Goods,2.3490958E7,F,2014-09-01T00:00:00.000+02:00
201409,Imports,00,BS,Goods,77825.0,F,2014-09-01T00:00:00.000+02:00
201409,Imports,00,BW,Goods,21.0,F,2014-09-01T00:00:00.000+02:00
201409,Imports,00,BY,Goods,8507497.0,F,2014-09-01T00:00:00.000+02:00
201409,Imports,00,BZ,Goods,1878.0,F,2014-09-01T00:00:00.000+02:00
201409,Imports,00,CA,Goods,1.37868951E8,F,2014-09-01T00:00:00.000+02:00
201409,Imports,00,CC,Goods,9454.0,F,2014-09-01T00:00:00.000+02:00
201409,Imports,00,CD,Goods,17525.0,F,2014-09-01T00:00:00.000+02:00
201409,Imports,00,CG,Goods,8328.0,F,2014-09-01T00:00:00.000+02:00
201409,Imports,00,CH,Goods,9.1310876E7,F,2014-09-01T00:00:00.000+02:00
201409,Imports,00,CI,Goods,381624.0,F,2014-09-01T00:00:00.000+02:00
201409,Imports,00,CK,Goods,56251.0,F,2014-09-01T00:00:00.000+02:00
201409,Imports,00,CL,Goods,2.780139E7,F,2014-09-01T00:00:00.000+02:00
201409,Imports,00,CM,Goods,531936.0,F,2014-09-01T00:00:00.000+02:00
201409,Imports,00,CN,Goods,2.18608732E9,F,2014-09-01T00:00:00.000+02:00
201409,Imports,00,CO,Goods,4627888.0,F,2014-09-01T00:00:00.000+02:00
201409,Imports,00,CR,Goods,3573486.0,F,2014-09-01T00:00:00.000+02:00
201409,Imports,00,CU,Goods,246048.0,F,2014-09-01T00:00:00.000+02:00
201409,Imports,00,CV,Goods,1383.0,F,2014-09-01T00:00:00.000+02:00
201409,Imports,00,CX,Goods,29.0,F,2014-09-01T00:00:00.000+02:00
201409,Imports,00,CY,Goods,672167.0,F,2014-09-01T00:00:00.000+02:00
201409,Imports,00,CZ,Goods,2.1916254E7,F,2014-09-01T00:00:00.000+02:00
201409,Imports,00,DE,Goods,6.42534568E8,F,2014-09-01T00:00:00.000+02:00
201409,Imports,00,DJ,Goods,5706.0,F,2014-09-01T00:00:00.000+02:00
201409,Imports,00,DK,Goods,6.7212333E7,F,2014-09-01T00:00:00.000+02:00
201409,Imports,00,DM,Goods,1349.0,F,2014-09-01T00:00:00.000+02:00
201409,Imports,00,DO,Goods,1833606.0,F,2014-09-01T00:00:00.000+02:00
201409,Imports,00,EC,Goods,7072045.0,F,2014-09-01T00:00:00.000+02:00
201409,Imports,00,EE,Goods,450654.0,F,2014-09-01T00:00:00.000+02:00
201409,Imports,00,EG,Goods,667131.0,F,2014-09-01T00:00:00.000+02:00
201409,Imports,00,EH,Goods,2137.0,F,2014-09-01T00:00:00.000+02:00
201409,Imports,00,ES,Goods,1.56449511E8,F,2014-09-01T00:00:00.000+02:00
201409,Imports,00,ET,Goods,2703154.0,F,2014-09-01T00:00:00.000+02:00
201409,Imports,00,FI,Goods,4.3741122E7,F,2014-09-01T00:00:00.000+02:00
201409,Imports,00,FJ,Goods,1.2664333E7,F,2014-09-01T00:00:00.000+02:00
201409,Imports,00,FK,Goods,42608.0,F,2014-09-01T00:00:00.000+02:00
201409,Imports,00,FR,Goods,2.870242E8,F,2014-09-01T00:00:00.000+02:00
201409,Imports,00,GA,Goods,529393.0,F,2014-09-01T00:00:00.000+02:00
201409,Imports,00,GB,Goods,3.54948028E8,F,2014-09-01T00:00:00.000+02:00
201409,Imports,00,GD,Goods,160.0,F,2014-09-01T00:00:00.000+02:00
201409,Imports,00,GE,Goods,183250.0,F,2014-09-01T00:00:00.000+02:00
201409,Imports,00,GH,Goods,1510218.0,F,2014-09-01T00:00:00.000+02:00
201409,Imports,00,GM,Goods,921.0,F,2014-09-01T00:00:00.000+02:00
201409,Imports,00,GN,Goods,3854.0,F,2014-09-01T00:00:00.000+02:00
201409,Imports,00,GP,Goods,34168.0,F,2014-09-01T00:00:00.000+02:00
201409,Imports,00,GR,Goods,6153028.0,F,2014-09-01T00:00:00.000+02:00
201409,Imports,00,GT,Goods,2133544.0,F,2014-09-01T00:00:00.000+02:00
201409,Imports,00,GU,Goods,25450.0,F,2014-09-01T00:00:00.000+02:00
201409,Imports,00,GY,Goods,371734.0,F,2014-09-01T00:00:00.000+02:00
201409,Imports,00,HK,Goods,3.0255337E7,F,2014-09-01T00:00:00.000+02:00
201409,Imports,00,HN,Goods,968274.0,F,2014-09-01T00:00:00.000+02:00
201409,Imports,00,HR,Goods,545704.0,F,2014-09-01T00:00:00.000+02:00
201409,Imports,00,HT,Goods,245128.0,F,2014-09-01T00:00:00.000+02:00
201409,Imports,00,HU,Goods,1.8032538E7,F,2014-09-01T00:00:00.000+02:00
201409,Imports,00,ID,Goods,1.64437112E8,F,2014-09-01T00:00:00.000+02:00
201409,Imports,00,IE,Goods,4.5853721E7,F,2014-09-01T00:00:00.000+02:00
201409,Imports,00,IL,Goods,3.2817358E7,F,2014-09-01T00:00:00.000+02:00
201409,Imports,00,IN,Goods,1.28437748E8,F,2014-09-01T00:00:00.000+02:00
201409,Imports,00,IR,Goods,1027000.0,F,2014-09-01T00:00:00.000+02:00
201409,Imports,00,IS,Goods,1192243.0,F,2014-09-01T00:00:00.000+02:00
201409,Imports,00,IT,Goods,2.43891639E8,F,2014-09-01T00:00:00.000+02:00
201409,Imports,00,JM,Goods,1141452.0,F,2014-09-01T00:00:00.000+02:00
201409,Imports,00,JO,Goods,6305454.0,F,2014-09-01T00:00:00.000+02:00
201409,Imports,00,JP,Goods,7.82830184E8,F,2014-09-01T00:00:00.000+02:00
201409,Imports,00,KE,Goods,910500.0,F,2014-09-01T00:00:00.000+02:00
201409,Imports,00,KG,Goods,168.0,F,2014-09-01T00:00:00.000+02:00
201409,Imports,00,KH,Goods,2541675.0,F,2014-09-01T00:00:00.000+02:00
201409,Imports,00,KI,Goods,22697.0,F,2014-09-01T00:00:00.000+02:00
201409,Imports,00,KM,Goods,173.0,F,2014-09-01T00:00:00.000+02:00
201409,Imports,00,KN,Goods,12.0,F,2014-09-01T00:00:00.000+02:00
201409,Imports,00,KR,Goods,5.26971528E8,F,2014-09-01T00:00:00.000+02:00
201409,Imports,00,KW,Goods,3.06750654E8,F,2014-09-01T00:00:00.000+02:00
201409,Imports,00,KY,Goods,143513.0,F,2014-09-01T00:00:00.000+02:00
201409,Imports,00,KZ,Goods,113789.0,F,2014-09-01T00:00:00.000+02:00
201409,Imports,00,LA,Goods,1323379.0,F,2014-09-01T00:00:00.000+02:00
201409,Imports,00,LB,Goods,464576.0,F,2014-09-01T00:00:00.000+02:00
201409,Imports,00,LI,Goods,73512.0,F,2014-09-01T00:00:00.000+02:00
201409,Imports,00,LK,Goods,1.2513677E7,F,2014-09-01T00:00:00.000+02:00
201409,Imports,00,LS,Goods,1222.0,F,2014-09-01T00:00:00.000+02:00
201409,Imports,00,LT,Goods,2635902.0,F,2014-09-01T00:00:00.000+02:00
201409,Imports,00,LU,Goods,2150220.0,F,2014-09-01T00:00:00.000+02:00
201409,Imports,00,LV,Goods,1195866.0,F,2014-09-01T00:00:00.000+02:00
201409,Imports,00,MA,Goods,1.8072884E7,F,2014-09-01T00:00:00.000+02:00
201409,Imports,00,MC,Goods,35858.0,F,2014-09-01T00:00:00.000+02:00
201409,Imports,00,MD,Goods,64142.0,F,2014-09-01T00:00:00.000+02:00
201409,Imports,00,ME,Goods,11.0,F,2014-09-01T00:00:00.000+02:00
201409,Imports,00,MG,Goods,224671.0,F,2014-09-01T00:00:00.000+02:00
201409,Imports,00,MH,Goods,62952.0,F,2014-09-01T00:00:00.000+02:00
201409,Imports,00,MK,Goods,158891.0,F,2014-09-01T00:00:00.000+02:00
201409,Imports,00,ML,Goods,3755.0,F,2014-09-01T00:00:00.000+02:00
201409,Imports,00,MM,Goods,326533.0,F,2014-09-01T00:00:00.000+02:00
201409,Imports,00,MN,Goods,12252.0,F,2014-09-01T00:00:00.000+02:00
201409,Imports,00,MO,Goods,326871.0,F,2014-09-01T00:00:00.000+02:00
201409,Imports,00,MR,Goods,2.0,F,2014-09-01T00:00:00.000+02:00
201409,Imports,00,MS,Goods,3087.0,F,2014-09-01T00:00:00.000+02:00
201409,Imports,00,MT,Goods,1375212.0,F,2014-09-01T00:00:00.000+02:00
201409,Imports,00,MU,Goods,447949.0,F,2014-09-01T00:00:00.000+02:00
201409,Imports,00,MV,Goods,518.0,F,2014-09-01T00:00:00.000+02:00
201409,Imports,00,MW,Goods,5710.0,F,2014-09-01T00:00:00.000+02:00
201409,Imports,00,MX,Goods,6.3419486E7,F,2014-09-01T00:00:00.000+02:00
201409,Imports,00,MY,Goods,5.34387608E8,F,2014-09-01T00:00:00.000+02:00
201409,Imports,00,MZ,Goods,9532.0,F,2014-09-01T00:00:00.000+02:00
201409,Imports,00,NA,Goods,116003.0,F,2014-09-01T00:00:00.000+02:00
201409,Imports,00,NC,Goods,564730.0,F,2014-09-01T00:00:00.000+02:00
201409,Imports,00,NE,Goods,2520.0,F,2014-09-01T00:00:00.000+02:00
201409,Imports,00,NF,Goods,4235.0,F,2014-09-01T00:00:00.000+02:00
201409,Imports,00,NG,Goods,11589.0,F,2014-09-01T00:00:00.000+02:00
201409,Imports,00,NI,Goods,439699.0,F,2014-09-01T00:00:00.000+02:00
201409,Imports,00,NL,Goods,1.30128797E8,F,2014-09-01T00:00:00.000+02:00
201409,Imports,00,NO,Goods,1.3920609E7,F,2014-09-01T00:00:00.000+02:00
201409,Imports,00,NP,Goods,232417.0,F,2014-09-01T00:00:00.000+02:00
201409,Imports,00,NR,Goods,3763511.0,F,2014-09-01T00:00:00.000+02:00
201409,Imports,00,NU,Goods,67785.0,F,2014-09-01T00:00:00.000+02:00
201409,Imports,00,NZ,Goods,4.7772154E7,F,2014-09-01T00:00:00.000+02:00
201409,Imports,00,OM,Goods,2.691912E7,F,2014-09-01T00:00:00.000+02:00
201409,Imports,00,PA,Goods,56579.0,F,2014-09-01T00:00:00.000+02:00
201409,Imports,00,PE,Goods,1.0200323E7,F,2014-09-01T00:00:00.000+02:00
201409,Imports,00,PF,Goods,1364043.0,F,2014-09-01T00:00:00.000+02:00
201409,Imports,00,PG,Goods,4025635.0,F,2014-09-01T00:00:00.000+02:00
201409,Imports,00,PH,Goods,2.6656206E7,F,2014-09-01T00:00:00.000+02:00
201409,Imports,00,PK,Goods,1.2826239E7,F,2014-09-01T00:00:00.000+02:00
201409,Imports,00,PL,Goods,2.5955357E7,F,2014-09-01T00:00:00.000+02:00
201409,Imports,00,PN,Goods,4823.0,F,2014-09-01T00:00:00.000+02:00
201409,Imports,00,PR,Goods,3545249.0,F,2014-09-01T00:00:00.000+02:00
201409,Imports,00,PT,Goods,7354633.0,F,2014-09-01T00:00:00.000+02:00
201409,Imports,00,PY,Goods,9463.0,F,2014-09-01T00:00:00.000+02:00
201409,Imports,00,QA,Goods,1.36406396E8,F,2014-09-01T00:00:00.000+02:00
201409,Imports,00,RE,Goods,847.0,F,2014-09-01T00:00:00.000+02:00
201409,Imports,00,RO,Goods,3675974.0,F,2014-09-01T00:00:00.000+02:00
201409,Imports,00,RS,Goods,291147.0,F,2014-09-01T00:00:00.000+02:00
201409,Imports,00,RU,Goods,5621247.0,F,2014-09-01T00:00:00.000+02:00
201409,Imports,00,RW,Goods,1246.0,F,2014-09-01T00:00:00.000+02:00
201409,Imports,00,SA,Goods,1.12544816E8,F,2014-09-01T00:00:00.000+02:00
201409,Imports,00,SB,Goods,1462495.0,F,2014-09-01T00:00:00.000+02:00
201409,Imports,00,SD,Goods,163.0,F,2014-09-01T00:00:00.000+02:00
201409,Imports,00,SE,Goods,7.118055E7,F,2014-09-01T00:00:00.000+02:00
201409,Imports,00,SG,Goods,4.10511011E8,F,2014-09-01T00:00:00.000+02:00
201409,Imports,00,SH,Goods,3876.0,F,2014-09-01T00:00:00.000+02:00
201409,Imports,00,SI,Goods,3438493.0,F,2014-09-01T00:00:00.000+02:00
201409,Imports,00,SK,Goods,1.7068997E7,F,2014-09-01T00:00:00.000+02:00
201409,Imports,00,SL,Goods,34032.0,F,2014-09-01T00:00:00.000+02:00
201409,Imports,00,SM,Goods,2848.0,F,2014-09-01T00:00:00.000+02:00
201409,Imports,00,SN,Goods,662827.0,F,2014-09-01T00:00:00.000+02:00
201409,Imports,00,SR,Goods,112255.0,F,2014-09-01T00:00:00.000+02:00
201409,Imports,00,SV,Goods,519492.0,F,2014-09-01T00:00:00.000+02:00
201409,Imports,00,SY,Goods,17643.0,F,2014-09-01T00:00:00.000+02:00
201409,Imports,00,SZ,Goods,101201.0,F,2014-09-01T00:00:00.000+02:00
201409,Imports,00,TC,Goods,3581.0,F,2014-09-01T00:00:00.000+02:00
201409,Imports,00,TD,Goods,90.0,F,2014-09-01T00:00:00.000+02:00
201409,Imports,00,TH,Goods,4.35193134E8,F,2014-09-01T00:00:00.000+02:00
201409,Imports,00,TK,Goods,12866.0,F,2014-09-01T00:00:00.000+02:00
201409,Imports,00,TL,Goods,5318.0,F,2014-09-01T00:00:00.000+02:00
201409,Imports,00,TM,Goods,11658.0,F,2014-09-01T00:00:00.000+02:00
201409,Imports,00,TN,Goods,967501.0,F,2014-09-01T00:00:00.000+02:00
201409,Imports,00,TO,Goods,1008819.0,F,2014-09-01T00:00:00.000+02:00
201409,Imports,00,TR,Goods,3.7603963E7,F,2014-09-01T00:00:00.000+02:00
201409,Imports,00,TT,Goods,283083.0,F,2014-09-01T00:00:00.000+02:00
201409,Imports,00,TW,Goods,1.74546001E8,F,2014-09-01T00:00:00.000+02:00
201409,Imports,00,TZ,Goods,7225700.0,F,2014-09-01T00:00:00.000+02:00
201409,Imports,00,UA,Goods,1812321.0,F,2014-09-01T00:00:00.000+02:00
201409,Imports,00,UG,Goods,18927.0,F,2014-09-01T00:00:00.000+02:00
201409,Imports,00,UM,Goods,6636.0,F,2014-09-01T00:00:00.000+02:00
201409,Imports,00,US,Goods,1.819577192E9,F,2014-09-01T00:00:00.000+02:00
201409,Imports,00,UY,Goods,335860.0,F,2014-09-01T00:00:00.000+02:00
201409,Imports,00,UZ,Goods,19543.0,F,2014-09-01T00:00:00.000+02:00
201409,Imports,00,VC,Goods,696.0,F,2014-09-01T00:00:00.000+02:00
201409,Imports,00,VE,Goods,80471.0,F,2014-09-01T00:00:00.000+02:00
201409,Imports,00,VG,Goods,44824.0,F,2014-09-01T00:00:00.000+02:00
201409,Imports,00,VI,Goods,16667.0,F,2014-09-01T00:00:00.000+02:00
201409,Imports,00,VN,Goods,1.30365436E8,F,2014-09-01T00:00:00.000+02:00
201409,Imports,00,VU,Goods,688720.0,F,2014-09-01T00:00:00.000+02:00
201409,Imports,00,WS,Goods,682223.0,F,2014-09-01T00:00:00.000+02:00
201409,Imports,00,YE,Goods,1332.0,F,2014-09-01T00:00:00.000+02:00
201409,Imports,00,ZA,Goods,3.3048656E7,F,2014-09-01T00:00:00.000+02:00
201409,Imports,00,ZM,Goods,984391.0,F,2014-09-01T00:00:00.000+02:00
201409,Imports,00,ZW,Goods,264774.0,F,2014-09-01T00:00:00.000+02:00
201406,Exports,00,AE,Goods,2.36708767E8,F,2014-06-01T00:00:00.000+02:00
201406,Exports,00,AF,Goods,20620.0,F,2014-06-01T00:00:00.000+02:00
201406,Exports,00,AG,Goods,117119.0,F,2014-06-01T00:00:00.000+02:00
201406,Exports,00,AL,Goods,156520.0,F,2014-06-01T00:00:00.000+02:00
201406,Exports,00,AM,Goods,243291.0,F,2014-06-01T00:00:00.000+02:00
201406,Exports,00,AO,Goods,1.2731987E7,F,2014-06-01T00:00:00.000+02:00
201406,Exports,00,AQ,Goods,25229.0,F,2014-06-01T00:00:00.000+02:00
201406,Exports,00,AR,Goods,4538372.0,F,2014-06-01T00:00:00.000+02:00
201406,Exports,00,AS,Goods,6470624.0,F,2014-06-01T00:00:00.000+02:00
201406,Exports,00,AT,Goods,6420453.0,F,2014-06-01T00:00:00.000+02:00
201406,Exports,00,AU,Goods,2.171513033E9,F,2014-06-01T00:00:00.000+02:00
201406,Exports,00,AW,Goods,405902.0,F,2014-06-01T00:00:00.000+02:00
201406,Exports,00,AZ,Goods,3.7074432E7,F,2014-06-01T00:00:00.000+02:00
201406,Exports,00,BA,Goods,40071.0,F,2014-06-01T00:00:00.000+02:00
201406,Exports,00,BB,Goods,8290835.0,F,2014-06-01T00:00:00.000+02:00
201406,Exports,00,BD,Goods,4.8018947E7,F,2014-06-01T00:00:00.000+02:00
201406,Exports,00,BE,Goods,8.0696427E7,F,2014-06-01T00:00:00.000+02:00
201406,Exports,00,BF,Goods,659021.0,F,2014-06-01T00:00:00.000+02:00
201406,Exports,00,BG,Goods,1395165.0,F,2014-06-01T00:00:00.000+02:00
201406,Exports,00,BH,Goods,1.3918212E7,F,2014-06-01T00:00:00.000+02:00
201406,Exports,00,BJ,Goods,285668.0,F,2014-06-01T00:00:00.000+02:00
201406,Exports,00,BM,Goods,1033824.0,F,2014-06-01T00:00:00.000+02:00
201406,Exports,00,BN,Goods,1456850.0,F,2014-06-01T00:00:00.000+02:00
201406,Exports,00,BO,Goods,84880.0,F,2014-06-01T00:00:00.000+02:00
201406,Exports,00,BR,Goods,5.7369356E7,F,2014-06-01T00:00:00.000+02:00
201406,Exports,00,BS,Goods,588056.0,F,2014-06-01T00:00:00.000+02:00
201406,Exports,00,BT,Goods,88099.0,F,2014-06-01T00:00:00.000+02:00
201406,Exports,00,BW,Goods,63789.0,F,2014-06-01T00:00:00.000+02:00
201406,Exports,00,BY,Goods,211451.0,F,2014-06-01T00:00:00.000+02:00
201406,Exports,00,BZ,Goods,101957.0,F,2014-06-01T00:00:00.000+02:00
201406,Exports,00,CA,Goods,1.65763528E8,F,2014-06-01T00:00:00.000+02:00
201406,Exports,00,CD,Goods,1577549.0,F,2014-06-01T00:00:00.000+02:00
201406,Exports,00,CG,Goods,424756.0,F,2014-06-01T00:00:00.000+02:00
201406,Exports,00,CH,Goods,3.0146896E7,F,2014-06-01T00:00:00.000+02:00
201406,Exports,00,CI,Goods,2690334.0,F,2014-06-01T00:00:00.000+02:00
201406,Exports,00,CK,Goods,2.363515E7,F,2014-06-01T00:00:00.000+02:00
201406,Exports,00,CL,Goods,4.5054806E7,F,2014-06-01T00:00:00.000+02:00
201406,Exports,00,CM,Goods,1.0741144E7,F,2014-06-01T00:00:00.000+02:00
201406,Exports,00,CN,Goods,2.40484044E9,F,2014-06-01T00:00:00.000+02:00
201406,Exports,00,CO,Goods,4588139.0,F,2014-06-01T00:00:00.000+02:00
201406,Exports,00,CR,Goods,581894.0,F,2014-06-01T00:00:00.000+02:00
201406,Exports,00,CU,Goods,1.879936E7,F,2014-06-01T00:00:00.000+02:00
201406,Exports,00,CV,Goods,1447.0,F,2014-06-01T00:00:00.000+02:00
201406,Exports,00,CW,Goods,570358.0,F,2014-06-01T00:00:00.000+02:00
201406,Exports,00,CX,Goods,16311.0,F,2014-06-01T00:00:00.000+02:00
201406,Exports,00,CY,Goods,4012013.0,F,2014-06-01T00:00:00.000+02:00
201406,Exports,00,CZ,Goods,1488195.0,F,2014-06-01T00:00:00.000+02:00
201406,Exports,00,DE,Goods,1.79027084E8,F,2014-06-01T00:00:00.000+02:00
201406,Exports,00,DJ,Goods,272634.0,F,2014-06-01T00:00:00.000+02:00
201406,Exports,00,DK,Goods,3.6943798E7,F,2014-06-01T00:00:00.000+02:00
201406,Exports,00,DO,Goods,3249504.0,F,2014-06-01T00:00:00.000+02:00
201406,Exports,00,DZ,Goods,1.83286021E8,F,2014-06-01T00:00:00.000+02:00
201406,Exports,00,EC,Goods,2211855.0,F,2014-06-01T00:00:00.000+02:00
201406,Exports,00,EE,Goods,303605.0,F,2014-06-01T00:00:00.000+02:00
201406,Exports,00,EG,Goods,1.41113607E8,F,2014-06-01T00:00:00.000+02:00
201406,Exports,00,ES,Goods,6.1930449E7,F,2014-06-01T00:00:00.000+02:00
201406,Exports,00,ET,Goods,992384.0,F,2014-06-01T00:00:00.000+02:00
201406,Exports,00,FI,Goods,6417563.0,F,2014-06-01T00:00:00.000+02:00
201406,Exports,00,FJ,Goods,1.00262835E8,F,2014-06-01T00:00:00.000+02:00
201406,Exports,00,FK,Goods,12109.0,F,2014-06-01T00:00:00.000+02:00
201406,Exports,00,FM,Goods,333115.0,F,2014-06-01T00:00:00.000+02:00
201406,Exports,00,FO,Goods,1034767.0,F,2014-06-01T00:00:00.000+02:00
201406,Exports,00,FR,Goods,1.01629511E8,F,2014-06-01T00:00:00.000+02:00
201406,Exports,00,GA,Goods,1774460.0,F,2014-06-01T00:00:00.000+02:00
201406,Exports,00,GB,Goods,4.23232524E8,F,2014-06-01T00:00:00.000+02:00
201406,Exports,00,GD,Goods,683764.0,F,2014-06-01T00:00:00.000+02:00
201406,Exports,00,GE,Goods,4000858.0,F,2014-06-01T00:00:00.000+02:00
201406,Exports,00,GF,Goods,44287.0,F,2014-06-01T00:00:00.000+02:00
201406,Exports,00,GH,Goods,8538800.0,F,2014-06-01T00:00:00.000+02:00
201406,Exports,00,GI,Goods,375703.0,F,2014-06-01T00:00:00.000+02:00
201406,Exports,00,GL,Goods,3344.0,F,2014-06-01T00:00:00.000+02:00
201406,Exports,00,GM,Goods,86775.0,F,2014-06-01T00:00:00.000+02:00
201406,Exports,00,GN,Goods,1105309.0,F,2014-06-01T00:00:00.000+02:00
201406,Exports,00,GP,Goods,1500038.0,F,2014-06-01T00:00:00.000+02:00
201406,Exports,00,GQ,Goods,739455.0,F,2014-06-01T00:00:00.000+02:00
201406,Exports,00,GR,Goods,1.3526862E7,F,2014-06-01T00:00:00.000+02:00
201406,Exports,00,GT,Goods,5846682.0,F,2014-06-01T00:00:00.000+02:00
201406,Exports,00,GU,Goods,1772355.0,F,2014-06-01T00:00:00.000+02:00
201406,Exports,00,GY,Goods,4677479.0,F,2014-06-01T00:00:00.000+02:00
201406,Exports,00,HK,Goods,1.85729286E8,F,2014-06-01T00:00:00.000+02:00
201406,Exports,00,HN,Goods,8535.0,F,2014-06-01T00:00:00.000+02:00
201406,Exports,00,HR,Goods,505019.0,F,2014-06-01T00:00:00.000+02:00
201406,Exports,00,HT,Goods,1047.0,F,2014-06-01T00:00:00.000+02:00
201406,Exports,00,HU,Goods,280537.0,F,2014-06-01T00:00:00.000+02:00
201406,Exports,00,ID,Goods,2.42521525E8,F,2014-06-01T00:00:00.000+02:00
201406,Exports,00,IE,Goods,1.4365925E7,F,2014-06-01T00:00:00.000+02:00
201406,Exports,00,IL,Goods,7380534.0,F,2014-06-01T00:00:00.000+02:00
201406,Exports,00,IN,Goods,1.77893775E8,F,2014-06-01T00:00:00.000+02:00
201406,Exports,00,IQ,Goods,357027.0,F,2014-06-01T00:00:00.000+02:00
201406,Exports,00,IR,Goods,7.0767106E7,F,2014-06-01T00:00:00.000+02:00
201406,Exports,00,IS,Goods,437782.0,F,2014-06-01T00:00:00.000+02:00
201406,Exports,00,IT,Goods,1.05908839E8,F,2014-06-01T00:00:00.000+02:00
201406,Exports,00,JM,Goods,7435781.0,F,2014-06-01T00:00:00.000+02:00
201406,Exports,00,JO,Goods,2.4779753E7,F,2014-06-01T00:00:00.000+02:00
201406,Exports,00,JP,Goods,8.52328164E8,F,2014-06-01T00:00:00.000+02:00
201406,Exports,00,KE,Goods,1864259.0,F,2014-06-01T00:00:00.000+02:00
201406,Exports,00,KG,Goods,299122.0,F,2014-06-01T00:00:00.000+02:00
201406,Exports,00,KH,Goods,1612680.0,F,2014-06-01T00:00:00.000+02:00
201406,Exports,00,KI,Goods,1911251.0,F,2014-06-01T00:00:00.000+02:00
201406,Exports,00,KM,Goods,146985.0,F,2014-06-01T00:00:00.000+02:00
201406,Exports,00,KR,Goods,4.49635985E8,F,2014-06-01T00:00:00.000+02:00
201406,Exports,00,KW,Goods,1.5007545E7,F,2014-06-01T00:00:00.000+02:00
201406,Exports,00,KY,Goods,113272.0,F,2014-06-01T00:00:00.000+02:00
201406,Exports,00,KZ,Goods,289647.0,F,2014-06-01T00:00:00.000+02:00
201406,Exports,00,LA,Goods,426678.0,F,2014-06-01T00:00:00.000+02:00
201406,Exports,00,LB,Goods,2811883.0,F,2014-06-01T00:00:00.000+02:00
201406,Exports,00,LC,Goods,1179981.0,F,2014-06-01T00:00:00.000+02:00
201406,Exports,00,LK,Goods,9.0101057E7,F,2014-06-01T00:00:00.000+02:00
201406,Exports,00,LT,Goods,4043722.0,F,2014-06-01T00:00:00.000+02:00
201406,Exports,00,LU,Goods,1068.0,F,2014-06-01T00:00:00.000+02:00
201406,Exports,00,LV,Goods,2652768.0,F,2014-06-01T00:00:00.000+02:00
201406,Exports,00,LY,Goods,2.2577518E7,F,2014-06-01T00:00:00.000+02:00
201406,Exports,00,MA,Goods,2.2932151E7,F,2014-06-01T00:00:00.000+02:00
201406,Exports,00,MC,Goods,60959.0,F,2014-06-01T00:00:00.000+02:00
201406,Exports,00,MD,Goods,351046.0,F,2014-06-01T00:00:00.000+02:00
201406,Exports,00,ME,Goods,3460.0,F,2014-06-01T00:00:00.000+02:00
201406,Exports,00,MG,Goods,508929.0,F,2014-06-01T00:00:00.000+02:00
201406,Exports,00,MH,Goods,317852.0,F,2014-06-01T00:00:00.000+02:00
201406,Exports,00,MK,Goods,9049.0,F,2014-06-01T00:00:00.000+02:00
201406,Exports,00,ML,Goods,2313020.0,F,2014-06-01T00:00:00.000+02:00
201406,Exports,00,MM,Goods,2975139.0,F,2014-06-01T00:00:00.000+02:00
201406,Exports,00,MN,Goods,5322725.0,F,2014-06-01T00:00:00.000+02:00
201406,Exports,00,MO,Goods,1332884.0,F,2014-06-01T00:00:00.000+02:00
201406,Exports,00,MP,Goods,934474.0,F,2014-06-01T00:00:00.000+02:00
201406,Exports,00,MQ,Goods,1159901.0,F,2014-06-01T00:00:00.000+02:00
201406,Exports,00,MR,Goods,237566.0,F,2014-06-01T00:00:00.000+02:00
201406,Exports,00,MT,Goods,1567847.0,F,2014-06-01T00:00:00.000+02:00
201406,Exports,00,MU,Goods,2.6721572E7,F,2014-06-01T00:00:00.000+02:00
201406,Exports,00,MV,Goods,6515259.0,F,2014-06-01T00:00:00.000+02:00
201406,Exports,00,MW,Goods,36363.0,F,2014-06-01T00:00:00.000+02:00
201406,Exports,00,MX,Goods,6.4378253E7,F,2014-06-01T00:00:00.000+02:00
201406,Exports,00,MY,Goods,2.62807782E8,F,2014-06-01T00:00:00.000+02:00
201406,Exports,00,MZ,Goods,1553223.0,F,2014-06-01T00:00:00.000+02:00
201406,Exports,00,NA,Goods,97687.0,F,2014-06-01T00:00:00.000+02:00
201406,Exports,00,NC,Goods,3.6123403E7,F,2014-06-01T00:00:00.000+02:00
201406,Exports,00,NE,Goods,1789.0,F,2014-06-01T00:00:00.000+02:00
201406,Exports,00,NF,Goods,1444481.0,F,2014-06-01T00:00:00.000+02:00
201406,Exports,00,NG,Goods,7.9397664E7,F,2014-06-01T00:00:00.000+02:00
201406,Exports,00,NI,Goods,9933005.0,F,2014-06-01T00:00:00.000+02:00
201406,Exports,00,NL,Goods,2.51089083E8,F,2014-06-01T00:00:00.000+02:00
201406,Exports,00,NO,Goods,1.6689912E7,F,2014-06-01T00:00:00.000+02:00
201406,Exports,00,NP,Goods,3972115.0,F,2014-06-01T00:00:00.000+02:00
201406,Exports,00,NR,Goods,199398.0,F,2014-06-01T00:00:00.000+02:00
201406,Exports,00,NU,Goods,3285187.0,F,2014-06-01T00:00:00.000+02:00
201406,Exports,00,OM,Goods,2.2649301E7,F,2014-06-01T00:00:00.000+02:00
201406,Exports,00,PA,Goods,1.1954722E7,F,2014-06-01T00:00:00.000+02:00
201406,Exports,00,PE,Goods,2.5171165E7,F,2014-06-01T00:00:00.000+02:00
201406,Exports,00,PF,Goods,4.9356772E7,F,2014-06-01T00:00:00.000+02:00
201406,Exports,00,PG,Goods,4.7959199E7,F,2014-06-01T00:00:00.000+02:00
201406,Exports,00,PH,Goods,2.09581211E8,F,2014-06-01T00:00:00.000+02:00
201406,Exports,00,PK,Goods,1.8476302E7,F,2014-06-01T00:00:00.000+02:00
201406,Exports,00,PL,Goods,7142126.0,F,2014-06-01T00:00:00.000+02:00
201406,Exports,00,PN,Goods,150433.0,F,2014-06-01T00:00:00.000+02:00
201406,Exports,00,PR,Goods,452096.0,F,2014-06-01T00:00:00.000+02:00
201406,Exports,00,PT,Goods,8187634.0,F,2014-06-01T00:00:00.000+02:00
201406,Exports,00,PW,Goods,61538.0,F,2014-06-01T00:00:00.000+02:00
201406,Exports,00,PY,Goods,159832.0,F,2014-06-01T00:00:00.000+02:00
201406,Exports,00,QA,Goods,8292182.0,F,2014-06-01T00:00:00.000+02:00
201406,Exports,00,RE,Goods,4530322.0,F,2014-06-01T00:00:00.000+02:00
201406,Exports,00,RO,Goods,595528.0,F,2014-06-01T00:00:00.000+02:00
201406,Exports,00,RS,Goods,18331.0,F,2014-06-01T00:00:00.000+02:00
201406,Exports,00,RU,Goods,6.2527291E7,F,2014-06-01T00:00:00.000+02:00
201406,Exports,00,SA,Goods,2.26237396E8,F,2014-06-01T00:00:00.000+02:00
201406,Exports,00,SB,Goods,7521539.0,F,2014-06-01T00:00:00.000+02:00
201406,Exports,00,SC,Goods,712961.0,F,2014-06-01T00:00:00.000+02:00
201406,Exports,00,SD,Goods,1.6158325E7,F,2014-06-01T00:00:00.000+02:00
201406,Exports,00,SE,Goods,1.941687E7,F,2014-06-01T00:00:00.000+02:00
201406,Exports,00,SG,Goods,2.78896485E8,F,2014-06-01T00:00:00.000+02:00
201406,Exports,00,SI,Goods,2262261.0,F,2014-06-01T00:00:00.000+02:00
201406,Exports,00,SK,Goods,67819.0,F,2014-06-01T00:00:00.000+02:00
201406,Exports,00,SL,Goods,757633.0,F,2014-06-01T00:00:00.000+02:00
201406,Exports,00,SM,Goods,1242.0,F,2014-06-01T00:00:00.000+02:00
201406,Exports,00,SN,Goods,8026753.0,F,2014-06-01T00:00:00.000+02:00
201406,Exports,00,SR,Goods,4011.0,F,2014-06-01T00:00:00.000+02:00
201406,Exports,00,SV,Goods,1057942.0,F,2014-06-01T00:00:00.000+02:00
201406,Exports,00,SX,Goods,451118.0,F,2014-06-01T00:00:00.000+02:00
201406,Exports,00,SY,Goods,2670531.0,F,2014-06-01T00:00:00.000+02:00
201406,Exports,00,TC,Goods,64300.0,F,2014-06-01T00:00:00.000+02:00
201406,Exports,00,TD,Goods,241275.0,F,2014-06-01T00:00:00.000+02:00
201406,Exports,00,TG,Goods,381679.0,F,2014-06-01T00:00:00.000+02:00
201406,Exports,00,TH,Goods,2.10937697E8,F,2014-06-01T00:00:00.000+02:00
201406,Exports,00,TJ,Goods,77116.0,F,2014-06-01T00:00:00.000+02:00
201406,Exports,00,TK,Goods,7633.0,F,2014-06-01T00:00:00.000+02:00
201406,Exports,00,TL,Goods,412504.0,F,2014-06-01T00:00:00.000+02:00
201406,Exports,00,TM,Goods,76433.0,F,2014-06-01T00:00:00.000+02:00
201406,Exports,00,TN,Goods,1569286.0,F,2014-06-01T00:00:00.000+02:00
201406,Exports,00,TO,Goods,1.3262264E7,F,2014-06-01T00:00:00.000+02:00
201406,Exports,00,TR,Goods,2.2965469E7,F,2014-06-01T00:00:00.000+02:00
201406,Exports,00,TT,Goods,1.7042381E7,F,2014-06-01T00:00:00.000+02:00
201406,Exports,00,TV,Goods,480780.0,F,2014-06-01T00:00:00.000+02:00
201406,Exports,00,TW,Goods,3.02998285E8,F,2014-06-01T00:00:00.000+02:00
201406,Exports,00,TZ,Goods,1132421.0,F,2014-06-01T00:00:00.000+02:00
201406,Exports,00,UA,Goods,1884219.0,F,2014-06-01T00:00:00.000+02:00
201406,Exports,00,UG,Goods,681359.0,F,2014-06-01T00:00:00.000+02:00
201406,Exports,00,US,Goods,1.215172006E9,F,2014-06-01T00:00:00.000+02:00
201406,Exports,00,UY,Goods,3356416.0,F,2014-06-01T00:00:00.000+02:00
201406,Exports,00,UZ,Goods,978064.0,F,2014-06-01T00:00:00.000+02:00
201406,Exports,00,VA,Goods,44817.0,F,2014-06-01T00:00:00.000+02:00
201406,Exports,00,VC,Goods,528655.0,F,2014-06-01T00:00:00.000+02:00
201406,Exports,00,VE,Goods,2.4627245E7,F,2014-06-01T00:00:00.000+02:00
201406,Exports,00,VG,Goods,91883.0,F,2014-06-01T00:00:00.000+02:00
201406,Exports,00,VI,Goods,2325.0,F,2014-06-01T00:00:00.000+02:00
201406,Exports,00,VN,Goods,1.39115904E8,F,2014-06-01T00:00:00.000+02:00
201406,Exports,00,VU,Goods,8605747.0,F,2014-06-01T00:00:00.000+02:00
201406,Exports,00,WF,Goods,739316.0,F,2014-06-01T00:00:00.000+02:00
201406,Exports,00,WS,Goods,2.7653077E7,F,2014-06-01T00:00:00.000+02:00
201406,Exports,00,XX,Goods,2040861.0,F,2014-06-01T00:00:00.000+02:00
201406,Exports,00,YE,Goods,1.4165488E7,F,2014-06-01T00:00:00.000+02:00
201406,Exports,00,YT,Goods,518145.0,F,2014-06-01T00:00:00.000+02:00
201406,Exports,00,ZA,Goods,5.2456297E7,F,2014-06-01T00:00:00.000+02:00
201406,Exports,00,ZB,Goods,6.0E7,F,2014-06-01T00:00:00.000+02:00
201406,Exports,00,ZE,Goods,1.52292199E8,F,2014-06-01T00:00:00.000+02:00
201406,Exports,00,ZM,Goods,959508.0,F,2014-06-01T00:00:00.000+02:00
201406,Exports,00,ZP,Goods,4.7018853E7,F,2014-06-01T00:00:00.000+02:00
201406,Exports,00,ZS,Goods,6925457.0,F,2014-06-01T00:00:00.000+02:00
201406,Exports,00,ZW,Goods,8267.0,F,2014-06-01T00:00:00.000+02:00
201406,Imports,00,AE,Goods,2.43143728E8,F,2014-06-01T00:00:00.000+02:00
201406,Imports,00,AF,Goods,131905.0,F,2014-06-01T00:00:00.000+02:00
201406,Imports,00,AG,Goods,6421.0,F,2014-06-01T00:00:00.000+02:00
201406,Imports,00,AI,Goods,79662.0,F,2014-06-01T00:00:00.000+02:00
201406,Imports,00,AL,Goods,83416.0,F,2014-06-01T00:00:00.000+02:00
201406,Imports,00,AM,Goods,19482.0,F,2014-06-01T00:00:00.000+02:00
201406,Imports,00,AR,Goods,3.564879E7,F,2014-06-01T00:00:00.000+02:00
201406,Imports,00,AS,Goods,529921.0,F,2014-06-01T00:00:00.000+02:00
201406,Imports,00,AT,Goods,9.1518494E7,F,2014-06-01T00:00:00.000+02:00
201406,Imports,00,AU,Goods,1.39672476E9,F,2014-06-01T00:00:00.000+02:00
201406,Imports,00,AW,Goods,3411.0,F,2014-06-01T00:00:00.000+02:00
201406,Imports,00,AZ,Goods,68020.0,F,2014-06-01T00:00:00.000+02:00
201406,Imports,00,BA,Goods,85035.0,F,2014-06-01T00:00:00.000+02:00
201406,Imports,00,BB,Goods,52893.0,F,2014-06-01T00:00:00.000+02:00
201406,Imports,00,BD,Goods,1.1436755E7,F,2014-06-01T00:00:00.000+02:00
201406,Imports,00,BE,Goods,7.2942832E7,F,2014-06-01T00:00:00.000+02:00
201406,Imports,00,BG,Goods,2373964.0,F,2014-06-01T00:00:00.000+02:00
201406,Imports,00,BH,Goods,1087129.0,F,2014-06-01T00:00:00.000+02:00
201406,Imports,00,BI,Goods,139.0,F,2014-06-01T00:00:00.000+02:00
201406,Imports,00,BM,Goods,979253.0,F,2014-06-01T00:00:00.000+02:00
201406,Imports,00,BN,Goods,1.81252914E8,F,2014-06-01T00:00:00.000+02:00
201406,Imports,00,BO,Goods,686601.0,F,2014-06-01T00:00:00.000+02:00
201406,Imports,00,BR,Goods,1.8444249E7,F,2014-06-01T00:00:00.000+02:00
201406,Imports,00,BS,Goods,78.0,F,2014-06-01T00:00:00.000+02:00
201406,Imports,00,BT,Goods,2.0,F,2014-06-01T00:00:00.000+02:00
201406,Imports,00,BY,Goods,167648.0,F,2014-06-01T00:00:00.000+02:00
201406,Imports,00,BZ,Goods,5053.0,F,2014-06-01T00:00:00.000+02:00
201406,Imports,00,CA,Goods,1.00781573E8,F,2014-06-01T00:00:00.000+02:00
201406,Imports,00,CC,Goods,4601.0,F,2014-06-01T00:00:00.000+02:00
201406,Imports,00,CD,Goods,124220.0,F,2014-06-01T00:00:00.000+02:00
201406,Imports,00,CG,Goods,20828.0,F,2014-06-01T00:00:00.000+02:00
201406,Imports,00,CH,Goods,7.0995817E7,F,2014-06-01T00:00:00.000+02:00
201406,Imports,00,CK,Goods,90484.0,F,2014-06-01T00:00:00.000+02:00
201406,Imports,00,CL,Goods,2.3132241E7,F,2014-06-01T00:00:00.000+02:00
201406,Imports,00,CM,Goods,310345.0,F,2014-06-01T00:00:00.000+02:00
201406,Imports,00,CN,Goods,1.85660961E9,F,2014-06-01T00:00:00.000+02:00
201406,Imports,00,CO,Goods,5059431.0,F,2014-06-01T00:00:00.000+02:00
201406,Imports,00,CR,Goods,3407543.0,F,2014-06-01T00:00:00.000+02:00
201406,Imports,00,CU,Goods,182729.0,F,2014-06-01T00:00:00.000+02:00
201406,Imports,00,CV,Goods,2976.0,F,2014-06-01T00:00:00.000+02:00
201406,Imports,00,CY,Goods,327581.0,F,2014-06-01T00:00:00.000+02:00
201406,Imports,00,CZ,Goods,2.2829147E7,F,2014-06-01T00:00:00.000+02:00
201406,Imports,00,DE,Goods,5.25083156E8,F,2014-06-01T00:00:00.000+02:00
201406,Imports,00,DK,Goods,7.3865377E7,F,2014-06-01T00:00:00.000+02:00
201406,Imports,00,DM,Goods,11976.0,F,2014-06-01T00:00:00.000+02:00
201406,Imports,00,DO,Goods,1424987.0,F,2014-06-01T00:00:00.000+02:00
201406,Imports,00,DZ,Goods,2882.0,F,2014-06-01T00:00:00.000+02:00
201406,Imports,00,EC,Goods,8459097.0,F,2014-06-01T00:00:00.000+02:00
201406,Imports,00,EE,Goods,325472.0,F,2014-06-01T00:00:00.000+02:00
201406,Imports,00,EG,Goods,784243.0,F,2014-06-01T00:00:00.000+02:00
201406,Imports,00,ES,Goods,1.09649776E8,F,2014-06-01T00:00:00.000+02:00
201406,Imports,00,ET,Goods,422429.0,F,2014-06-01T00:00:00.000+02:00
201406,Imports,00,FI,Goods,3.5567489E7,F,2014-06-01T00:00:00.000+02:00
201406,Imports,00,FJ,Goods,1.264691E7,F,2014-06-01T00:00:00.000+02:00
201406,Imports,00,FM,Goods,266.0,F,2014-06-01T00:00:00.000+02:00
201406,Imports,00,FO,Goods,579.0,F,2014-06-01T00:00:00.000+02:00
201406,Imports,00,FR,Goods,2.17587309E8,F,2014-06-01T00:00:00.000+02:00
201406,Imports,00,GA,Goods,587192.0,F,2014-06-01T00:00:00.000+02:00
201406,Imports,00,GB,Goods,2.94630225E8,F,2014-06-01T00:00:00.000+02:00
201406,Imports,00,GE,Goods,114442.0,F,2014-06-01T00:00:00.000+02:00
201406,Imports,00,GF,Goods,427.0,F,2014-06-01T00:00:00.000+02:00
201406,Imports,00,GH,Goods,2383944.0,F,2014-06-01T00:00:00.000+02:00
201406,Imports,00,GI,Goods,596.0,F,2014-06-01T00:00:00.000+02:00
201406,Imports,00,GM,Goods,1462.0,F,2014-06-01T00:00:00.000+02:00
201406,Imports,00,GN,Goods,40677.0,F,2014-06-01T00:00:00.000+02:00
201406,Imports,00,GP,Goods,44132.0,F,2014-06-01T00:00:00.000+02:00
201406,Imports,00,GR,Goods,6185436.0,F,2014-06-01T00:00:00.000+02:00
201406,Imports,00,GT,Goods,1208010.0,F,2014-06-01T00:00:00.000+02:00
201406,Imports,00,GU,Goods,2546.0,F,2014-06-01T00:00:00.000+02:00
201406,Imports,00,GW,Goods,60.0,F,2014-06-01T00:00:00.000+02:00
201406,Imports,00,GY,Goods,388982.0,F,2014-06-01T00:00:00.000+02:00
201406,Imports,00,HK,Goods,2.484653E7,F,2014-06-01T00:00:00.000+02:00
201406,Imports,00,HN,Goods,1055751.0,F,2014-06-01T00:00:00.000+02:00
201406,Imports,00,HR,Goods,629970.0,F,2014-06-01T00:00:00.000+02:00
201406,Imports,00,HT,Goods,185005.0,F,2014-06-01T00:00:00.000+02:00
201406,Imports,00,HU,Goods,1.451232E7,F,2014-06-01T00:00:00.000+02:00
201406,Imports,00,ID,Goods,1.94008522E8,F,2014-06-01T00:00:00.000+02:00
201406,Imports,00,IE,Goods,6.1072524E7,F,2014-06-01T00:00:00.000+02:00
201406,Imports,00,IL,Goods,2.2360219E7,F,2014-06-01T00:00:00.000+02:00
201406,Imports,00,IN,Goods,1.07652888E8,F,2014-06-01T00:00:00.000+02:00
201406,Imports,00,IR,Goods,865453.0,F,2014-06-01T00:00:00.000+02:00
201406,Imports,00,IS,Goods,306236.0,F,2014-06-01T00:00:00.000+02:00
201406,Imports,00,IT,Goods,1.88774399E8,F,2014-06-01T00:00:00.000+02:00
201406,Imports,00,JM,Goods,1342795.0,F,2014-06-01T00:00:00.000+02:00
201406,Imports,00,JO,Goods,281278.0,F,2014-06-01T00:00:00.000+02:00
201406,Imports,00,JP,Goods,8.07585245E8,F,2014-06-01T00:00:00.000+02:00
201406,Imports,00,KE,Goods,748081.0,F,2014-06-01T00:00:00.000+02:00
201406,Imports,00,KG,Goods,19811.0,F,2014-06-01T00:00:00.000+02:00
201406,Imports,00,KH,Goods,1545757.0,F,2014-06-01T00:00:00.000+02:00
201406,Imports,00,KI,Goods,89.0,F,2014-06-01T00:00:00.000+02:00
201406,Imports,00,KM,Goods,20.0,F,2014-06-01T00:00:00.000+02:00
201406,Imports,00,KR,Goods,5.58611355E8,F,2014-06-01T00:00:00.000+02:00
201406,Imports,00,KW,Goods,2.5134463E7,F,2014-06-01T00:00:00.000+02:00
201406,Imports,00,KY,Goods,436415.0,F,2014-06-01T00:00:00.000+02:00
201406,Imports,00,KZ,Goods,297557.0,F,2014-06-01T00:00:00.000+02:00
201406,Imports,00,LA,Goods,886866.0,F,2014-06-01T00:00:00.000+02:00
201406,Imports,00,LB,Goods,268915.0,F,2014-06-01T00:00:00.000+02:00
201406,Imports,00,LI,Goods,30568.0,F,2014-06-01T00:00:00.000+02:00
201406,Imports,00,LK,Goods,1.2786128E7,F,2014-06-01T00:00:00.000+02:00
201406,Imports,00,LT,Goods,5666516.0,F,2014-06-01T00:00:00.000+02:00
201406,Imports,00,LU,Goods,1056496.0,F,2014-06-01T00:00:00.000+02:00
201406,Imports,00,LV,Goods,1289433.0,F,2014-06-01T00:00:00.000+02:00
201406,Imports,00,LY,Goods,18053.0,F,2014-06-01T00:00:00.000+02:00
201406,Imports,00,MA,Goods,2.0264234E7,F,2014-06-01T00:00:00.000+02:00
201406,Imports,00,MC,Goods,58313.0,F,2014-06-01T00:00:00.000+02:00
201406,Imports,00,MD,Goods,49337.0,F,2014-06-01T00:00:00.000+02:00
201406,Imports,00,ME,Goods,70155.0,F,2014-06-01T00:00:00.000+02:00
201406,Imports,00,MG,Goods,216096.0,F,2014-06-01T00:00:00.000+02:00
201406,Imports,00,MH,Goods,52617.0,F,2014-06-01T00:00:00.000+02:00
201406,Imports,00,MK,Goods,177908.0,F,2014-06-01T00:00:00.000+02:00
201406,Imports,00,ML,Goods,51.0,F,2014-06-01T00:00:00.000+02:00
201406,Imports,00,MM,Goods,202987.0,F,2014-06-01T00:00:00.000+02:00
201406,Imports,00,MN,Goods,6548.0,F,2014-06-01T00:00:00.000+02:00
201406,Imports,00,MO,Goods,182959.0,F,2014-06-01T00:00:00.000+02:00
201406,Imports,00,MR,Goods,3.0,F,2014-06-01T00:00:00.000+02:00
201406,Imports,00,MS,Goods,37.0,F,2014-06-01T00:00:00.000+02:00
201406,Imports,00,MT,Goods,653279.0,F,2014-06-01T00:00:00.000+02:00
201406,Imports,00,MU,Goods,277429.0,F,2014-06-01T00:00:00.000+02:00
201406,Imports,00,MV,Goods,1055.0,F,2014-06-01T00:00:00.000+02:00
201406,Imports,00,MW,Goods,33523.0,F,2014-06-01T00:00:00.000+02:00
201406,Imports,00,MX,Goods,5.2987061E7,F,2014-06-01T00:00:00.000+02:00
201406,Imports,00,MY,Goods,5.80826407E8,F,2014-06-01T00:00:00.000+02:00
201406,Imports,00,MZ,Goods,29171.0,F,2014-06-01T00:00:00.000+02:00
201406,Imports,00,NA,Goods,28941.0,F,2014-06-01T00:00:00.000+02:00
201406,Imports,00,NC,Goods,187260.0,F,2014-06-01T00:00:00.000+02:00
201406,Imports,00,NE,Goods,25054.0,F,2014-06-01T00:00:00.000+02:00
201406,Imports,00,NG,Goods,2.9928756E7,F,2014-06-01T00:00:00.000+02:00
201406,Imports,00,NI,Goods,498760.0,F,2014-06-01T00:00:00.000+02:00
201406,Imports,00,NL,Goods,9.8887522E7,F,2014-06-01T00:00:00.000+02:00
201406,Imports,00,NO,Goods,7450851.0,F,2014-06-01T00:00:00.000+02:00
201406,Imports,00,NP,Goods,180044.0,F,2014-06-01T00:00:00.000+02:00
201406,Imports,00,NR,Goods,11791.0,F,2014-06-01T00:00:00.000+02:00
201406,Imports,00,NU,Goods,151113.0,F,2014-06-01T00:00:00.000+02:00
201406,Imports,00,NZ,Goods,4.3108822E7,F,2014-06-01T00:00:00.000+02:00
201406,Imports,00,OM,Goods,178105.0,F,2014-06-01T00:00:00.000+02:00
201406,Imports,00,PA,Goods,72334.0,F,2014-06-01T00:00:00.000+02:00
201406,Imports,00,PE,Goods,6868812.0,F,2014-06-01T00:00:00.000+02:00
201406,Imports,00,PF,Goods,541279.0,F,2014-06-01T00:00:00.000+02:00
201406,Imports,00,PG,Goods,3045678.0,F,2014-06-01T00:00:00.000+02:00
201406,Imports,00,PH,Goods,2.8339796E7,F,2014-06-01T00:00:00.000+02:00
201406,Imports,00,PK,Goods,1.2870512E7,F,2014-06-01T00:00:00.000+02:00
201406,Imports,00,PL,Goods,2.426908E7,F,2014-06-01T00:00:00.000+02:00
201406,Imports,00,PN,Goods,5019.0,F,2014-06-01T00:00:00.000+02:00
201406,Imports,00,PR,Goods,2857804.0,F,2014-06-01T00:00:00.000+02:00
201406,Imports,00,PT,Goods,5811078.0,F,2014-06-01T00:00:00.000+02:00
201406,Imports,00,PY,Goods,123201.0,F,2014-06-01T00:00:00.000+02:00
201406,Imports,00,QA,Goods,6.6628614E7,F,2014-06-01T00:00:00.000+02:00
201406,Imports,00,RE,Goods,3656.0,F,2014-06-01T00:00:00.000+02:00
201406,Imports,00,RO,Goods,3169438.0,F,2014-06-01T00:00:00.000+02:00
201406,Imports,00,RS,Goods,104777.0,F,2014-06-01T00:00:00.000+02:00
201406,Imports,00,RU,Goods,1.01771197E8,F,2014-06-01T00:00:00.000+02:00
201406,Imports,00,RW,Goods,4576.0,F,2014-06-01T00:00:00.000+02:00
201406,Imports,00,SA,Goods,3.61846102E8,F,2014-06-01T00:00:00.000+02:00
201406,Imports,00,SB,Goods,1361485.0,F,2014-06-01T00:00:00.000+02:00
201406,Imports,00,SD,Goods,79892.0,F,2014-06-01T00:00:00.000+02:00
201406,Imports,00,SE,Goods,7.9776987E7,F,2014-06-01T00:00:00.000+02:00
201406,Imports,00,SG,Goods,4.78615091E8,F,2014-06-01T00:00:00.000+02:00
201406,Imports,00,SI,Goods,3574338.0,F,2014-06-01T00:00:00.000+02:00
201406,Imports,00,SK,Goods,1.5711555E7,F,2014-06-01T00:00:00.000+02:00
201406,Imports,00,SL,Goods,59264.0,F,2014-06-01T00:00:00.000+02:00
201406,Imports,00,SM,Goods,34831.0,F,2014-06-01T00:00:00.000+02:00
201406,Imports,00,SN,Goods,34388.0,F,2014-06-01T00:00:00.000+02:00
201406,Imports,00,SO,Goods,116.0,F,2014-06-01T00:00:00.000+02:00
201406,Imports,00,SR,Goods,36163.0,F,2014-06-01T00:00:00.000+02:00
201406,Imports,00,SS,Goods,1720.0,F,2014-06-01T00:00:00.000+02:00
201406,Imports,00,ST,Goods,2151.0,F,2014-06-01T00:00:00.000+02:00
201406,Imports,00,SV,Goods,1.2905796E7,F,2014-06-01T00:00:00.000+02:00
201406,Imports,00,SY,Goods,46382.0,F,2014-06-01T00:00:00.000+02:00
201406,Imports,00,SZ,Goods,4149.0,F,2014-06-01T00:00:00.000+02:00
201406,Imports,00,TC,Goods,41.0,F,2014-06-01T00:00:00.000+02:00
201406,Imports,00,TG,Goods,234414.0,F,2014-06-01T00:00:00.000+02:00
201406,Imports,00,TH,Goods,3.71154212E8,F,2014-06-01T00:00:00.000+02:00
201406,Imports,00,TJ,Goods,45.0,F,2014-06-01T00:00:00.000+02:00
201406,Imports,00,TK,Goods,9206.0,F,2014-06-01T00:00:00.000+02:00
201406,Imports,00,TL,Goods,104649.0,F,2014-06-01T00:00:00.000+02:00
201406,Imports,00,TN,Goods,997439.0,F,2014-06-01T00:00:00.000+02:00
201406,Imports,00,TO,Goods,596808.0,F,2014-06-01T00:00:00.000+02:00
201406,Imports,00,TR,Goods,3.2948756E7,F,2014-06-01T00:00:00.000+02:00
201406,Imports,00,TT,Goods,216268.0,F,2014-06-01T00:00:00.000+02:00
201406,Imports,00,TV,Goods,18017.0,F,2014-06-01T00:00:00.000+02:00
201406,Imports,00,TW,Goods,1.5743532E8,F,2014-06-01T00:00:00.000+02:00
201406,Imports,00,TZ,Goods,76311.0,F,2014-06-01T00:00:00.000+02:00
201406,Imports,00,UA,Goods,2330403.0,F,2014-06-01T00:00:00.000+02:00
201406,Imports,00,UG,Goods,186501.0,F,2014-06-01T00:00:00.000+02:00
201406,Imports,00,UM,Goods,78.0,F,2014-06-01T00:00:00.000+02:00
201406,Imports,00,US,Goods,1.352832327E9,F,2014-06-01T00:00:00.000+02:00
201406,Imports,00,UY,Goods,714378.0,F,2014-06-01T00:00:00.000+02:00
201406,Imports,00,UZ,Goods,9467.0,F,2014-06-01T00:00:00.000+02:00
201406,Imports,00,VC,Goods,4455.0,F,2014-06-01T00:00:00.000+02:00
201406,Imports,00,VE,Goods,47327.0,F,2014-06-01T00:00:00.000+02:00
201406,Imports,00,VI,Goods,6858.0,F,2014-06-01T00:00:00.000+02:00
201406,Imports,00,VN,Goods,1.21889763E8,F,2014-06-01T00:00:00.000+02:00
201406,Imports,00,VU,Goods,432407.0,F,2014-06-01T00:00:00.000+02:00
201406,Imports,00,WF,Goods,1301.0,F,2014-06-01T00:00:00.000+02:00
201406,Imports,00,WS,Goods,612178.0,F,2014-06-01T00:00:00.000+02:00
201406,Imports,00,YE,Goods,1277.0,F,2014-06-01T00:00:00.000+02:00
201406,Imports,00,ZA,Goods,2.759553E7,F,2014-06-01T00:00:00.000+02:00
201406,Imports,00,ZM,Goods,44821.0,F,2014-06-01T00:00:00.000+02:00
201406,Imports,00,ZW,Goods,264592.0,F,2014-06-01T00:00:00.000+02:00
